unk1,unk2,unk3,unk4,unk5,unk6,unk7,unk8,unk9
9,1,1.2,0,0,0,1,0,0.5
9,2,1.2,0,0,0,1,0,0.5
10,1,1.4,0,0,0,1,1,1
10,2,1.4,0,0,0,1,1,1
10,3,1.4,0,0,0,1,1,1
10,4,1.4,0,0,0,1,1,1
12,1,1.4,1.3,0,0,1,1,1
12,2,1.4,1.3,0,0,1,1,1
12,3,1.4,1.3,0,0,1,1,1
13,1,1.4,0,0,0,1,1,1
13,2,1.4,0,0,0,1,1,1
14,1,1.4,0,0,0,1,1,1
14,2,1.4,0,0,0,1,1,1
14,3,1.4,0,0,0,1,1,1
15,1,3.2,0,0,0,1,2,1.2
15,2,3.2,0,0,0,1,2,1.2
15,3,3.2,0,0,0,1,2,1.2
15,4,3.2,0,0,0,1,2,1.2
21,1,3.1,3,0,0,1,2,1.2
21,2,3.1,3,0,0,1,2,1.2
21,3,3.1,3,0,0,1,2,1.2
21,4,3.1,3,0,0,1,2,1.2
24,1,1.4,0,0,0,1,1,1
24,2,1.4,0,0,0,1,1,1
24,3,1.4,0,0,0,1,1,1
24,4,1.4,0,0,0,1,1,1
24,5,1.4,0,0,0,1,1,1
27,1,1.7,0,0,0,1,2,1.2
27,2,1.7,0,0,0,1,2,1.2
27,3,1.7,0,0,0,1,2,1.2
27,4,1.7,0,0,0,1,2,1.2
27,5,1.7,0,0,0,1,2,1.2
34,1,1.4,0,0,0,1,1,1
35,1,1.4,0,0,0,1,1,1
35,2,1.4,0,0,0,1,1,1
35,3,1.4,0,0,0,1,1,1
36,1,2,0,0,0,1,2,1.2
36,2,2,0,0,0,1,2,1.2
37,1,2.3,4,0,0,1,2,1.2
37,2,2.3,4,0,0,1,2,1.2
38,1,2.8,0,0,0,1,2,1.2
39,1,2.3,0,0,0,1,2,1.2
40,1,4,1.5,0,0,1,2,1.2
43,1,1.4,0,0,0,1,0,0.5
43,2,1.4,0,0,0,1,0,0.5
43,3,1.4,0,0,0,1,0,0.5
43,4,1.4,0,0,0,1,0,0.5
49,1,1.4,0,0,0,1,1,1
49,2,1.4,0,0,0,1,1,1
49,3,1.4,0,0,0,1,1,1
49,4,1.4,0,0,0,1,1,1
50,1,1.2,0,0,0,1,0,0.5
50,2,1.2,0,0,0,1,0,0.5
50,3,1.2,0,0,0,1,0,0.5
50,4,1.2,0,0,0,1,0,0.5
50,5,1.2,0,0,0,1,0,0.5
50,6,1.2,0,0,0,1,0,0.5
53,1,1.4,0,0,0,1,0,0.5
53,2,1.4,0,0,0,1,0,0.5
54,1,1.6,0,0,0,1,1,1
54,2,1.6,0,0,0,1,1,1
55,1,1.4,0,0,0,1,0,0.5
56,1,1.4,0,0,0,1,0,0.5
57,1,1.4,0,0,0,1,1,1
57,2,1.4,0,0,0,1,1,1
57,3,1.4,0,0,0,1,1,1
57,4,1.4,0,0,0,1,1,1
57,5,1.4,0,0,0,1,1,1
57,6,1.4,0,0,0,1,1,1
58,1,1.6,0,0,0,1,1,1
61,1,1.4,1,0,0,1,1,1
61,2,1.4,1.7,0,0,2,8,1.5
61,3,1.4,1,0,0,1,1,1
68,1,2.2,0,0,0,1,1,1
68,2,2.2,0,0,0,1,1,1
69,1,1.4,0,0,0,1,0,0.5
69,2,1.4,0,0,0,1,0,0.5
69,3,1.4,0,0,0,1,0,0.5
69,4,1.4,0,0,0,1,0,0.5
70,1,1.4,0,0,0,1,0,0.5
70,2,1.4,0,0,0,1,0,0.5
70,3,1.4,0,0,0,1,0,0.5
71,1,2.5,0,0,0,1,2,1.2
71,2,2.5,0,0,0,1,2,1.2
72,1,1.4,0,0,0,1,1,1
72,2,1.4,0,0,0,1,1,1
72,3,1.4,0,0,0,1,1,1
72,4,1.4,0,0,0,1,1,1
72,5,1.4,0,0,0,1,1,1
72,6,1.4,0,0,0,1,1,1
73,1,1.4,0,0,0,1,1,1
73,2,1.4,0,0,0,1,1,1
74,1,2,0,0,0,1,2,1.2
74,2,2,0,0,0,1,2,1.2
74,3,2,0,0,0,1,2,1.2
77,1,1.4,0.5,0,0,1,1,1
77,2,1.4,0.5,0,0,1,1,1
77,3,1.4,0.5,0,0,1,1,1
78,1,1.4,0.5,0,0,1,1,1
78,2,1.4,0.5,0,0,1,1,1
79,1,1.4,0,0,0,1,1,1
79,2,1.4,0,0,0,1,1,1
79,3,1.4,0,0,0,1,1,1
79,4,1.4,0,0,0,1,1,1
81,1,1.4,0,0,0,1,0,0.5
81,2,1.4,0,0,0,1,0,0.5
81,3,1.4,0,0,0,1,0,0.5
84,1,2.8,1.3,0,0,1,1,1
84,2,2.8,1.3,0,0,1,1,1
84,3,2.8,1.3,0,0,1,1,1
84,4,2.8,1.3,0,0,1,1,1
85,1,1.4,0,0,0,1,1,1
85,2,1.4,0,0,0,1,1,1
85,3,1.4,0,0,0,1,1,1
86,1,1.4,0,0,0,1,2,1.2
86,2,1.4,0,0,0,1,2,1.2
86,3,1.4,0,0,0,1,2,1.2
87,1,1.4,0,0,0,1,1,1
87,2,1.4,0,0,0,1,1,1
87,3,1.4,0,0,0,1,1,1
87,4,1.4,0,0,0,1,1,1
88,1,2,0,0,0,1,2,1.2
88,2,2,0,0,0,1,2,1.2
88,3,2,0,0,0,1,2,1.2
90,1,1.4,0,0,0,1,0,0.5
91,1,1.4,0,0,0,1,1,1
91,2,1.4,0,0,0,1,1,1
92,1,1.4,0,0,0,1,0,0.5
92,2,1.4,0,0,0,1,0,0.5
92,3,1.4,0,0,0,1,0,0.5
93,1,1.4,0,0,0,1,1,1
93,2,1.4,0,0,0,1,1,1
93,3,1.4,0,0,0,1,1,1
94,1,2.3,0,0,0,1,2,1.2
94,2,2.3,0,0,0,1,2,1.2
94,3,2.3,0,0,0,1,2,1.2
95,1,2,0,0,0,1,2,1.2
95,2,2,0,0,0,1,2,1.2
95,3,2,0,0,0,1,2,1.2
96,1,1.4,0,0,0,1,0,0.5
96,2,1.4,0,0,0,1,0,0.5
96,3,1.4,0,0,0,1,0,0.5
96,4,1.4,0,0,0,1,0,0.5
97,1,1.4,0,0,0,1,0,0.5
97,2,1.4,0,0,0,1,0,0.5
97,3,1.4,0,0,0,1,0,0.5
97,4,1.4,0,0,0,1,0,0.5
101,1,2,0,0,0,1,1,1
101,2,2,0,0,0,1,1,1
101,3,2,0,0,0,1,1,1
101,4,2,0,0,0,1,1,1
107,1,1.4,0,0,0,1,1,1
107,1,1.4,0,0,0,1,1,1
107,3,1.4,0,0,0,1,1,1
107,4,1.4,0,0,0,1,1,1
111,1,1.4,0,0,0,1,0,0.5
112,1,1.4,0,0,0,1,0,0.5
112,2,1.4,0,0,0,1,0,0.5
113,1,1.4,0,0,0,1,0,0.5
113,2,1.4,0,0,0,1,0,0.5
114,1,1.4,0,0,0,1,0,0.5
114,2,1.4,0,0,0,1,0,0.5
126,1,2,0,0,0,1,2,1.2
126,2,2,0,0,0,1,2,1.2
132,1,2.2,0.5,0,0,1,2,1.2
132,2,2.2,0.5,0,0,1,2,1.2
132,3,2.2,0.5,0,0,1,2,1.2
132,4,2.2,0.5,0,0,1,2,1.2
134,1,2.8,1,0,0,1,2,1.2
134,2,2.8,1,0,0,1,2,1.2
134,3,2.8,1,0,0,1,2,1.2
135,1,1.8,1.3,0,0,1,1,1
135,2,1.8,1.3,0,0,1,1,1
135,3,1.8,1.3,0,0,1,1,1
135,4,1.8,1.3,0,0,1,1,1
140,1,1.4,0,0,0,1,1,1
140,2,1.4,0,0,0,1,1,1
143,1,1.4,0,0,0,1,0,0.5
143,2,1.4,0,0,0,1,0,0.5
148,1,1.4,0,0,0,1,1,1
148,2,1.4,0,0,0,1,1,1
148,3,1.4,0,0,0,1,1,1
150,1,1.4,0,0,0,1,2,1.2
151,1,1.4,0,0,0,1,0,0.5
151,2,1.4,0,0,0,1,0,0.5
151,3,1.4,0,0,0,1,0,0.5
151,4,1.4,0,0,0,1,0,0.5
151,5,1.4,0,0,0,1,0,0.5
151,6,1.4,0,0,0,1,0,0.5
175,1,1.7,0,0,0,1,2,1.2
175,2,1.7,0,0,0,1,2,1.2
177,1,1.4,0,0,0,1,1,1
177,2,1.4,0,0,0,1,1,1
177,3,1.4,0,0,0,1,1,1
182,1,1.8,1.3,0,0,1,1,1
215,1,4,1.5,0,0,1,2,1.2
215,2,4,1.5,0,0,1,2,1.2
301,1,3.2,1,0,0,1,2,1.2
301,2,3.2,1,0,0,1,2,1.2
301,3,3.2,1,0,0,1,2,1.2
302,1,2.3,0.5,0,0,1,2,1.2
302,2,2.3,0.5,0,0,1,2,1.2
302,3,2.3,0.5,0,0,1,2,1.2
303,1,1.4,0,0,0,1,0,0.5
303,2,1.4,0,0,0,1,0,0.5
303,3,1.4,0,0,0,1,0,0.5
304,1,1.7,0.5,0,0,1,1,1
305,1,2,0.7,0,0,1,1,1
305,2,2,0.7,0,0,1,1,1
306,1,2.3,1,0,0,1,2,1.2
306,2,2.3,1,0,0,1,2,1.2
307,1,1.4,0,0,0,1,0,0.5
307,2,1.4,0,0,0,1,0,0.5
307,3,1.4,0,0,0,1,0,0.5
308,1,3.3,0.5,0,0,1,2,1.2
308,2,3.3,0.5,0,0,1,2,1.2
308,3,3.3,0.5,0,0,1,2,1.2
309,1,4,0,0,0,1,2,1.2
309,2,4,0,0,0,1,2,1.2
309,3,4,0,0,0,1,2,1.2
309,4,4,0,0,0,1,2,1.2
310,1,3.5,1,0,0,1,2,1.2
310,2,3.5,1,0,0,1,2,1.2
310,3,3.5,1,0,0,1,2,1.2
310,4,3.5,1,0,0,1,2,1.2
310,5,3.5,1,0,0,1,2,1.2
310,6,3.5,1,0,0,1,2,1.2
311,1,1.4,0,0,0,1,1,1
311,2,1.4,0,0,0,1,1,1
311,3,1.4,0,0,0,1,1,1
312,1,1.4,0,0,0,1,1,1
312,2,1.4,0,0,0,1,1,1
312,3,1.4,0,0,0,1,1,1
313,1,1.4,0,0,0,1,0,0.5
314,1,1.4,0,0,0,1,0,0.5
314,2,1.4,0,0,0,1,0,0.5
314,3,1.4,0,0,0,1,0,0.5
314,4,1.4,0,0,0,1,0,0.5
315,1,2,0,0,0,1,2,1.2
315,2,2,0,0,0,1,2,1.2
315,3,2,0,0,0,1,2,1.2
317,1,1.4,0,0,0,1,0,0.5
320,1,1.4,0,0,0,1,0,0.5
320,2,1.4,0,0,0,1,0,0.5
321,1,1.4,0,0,0,1,0,0.5
321,2,1.4,0,0,0,1,0,0.5
322,1,1.4,0,0,0,1,0,0.5
325,1,1.4,0,0,0,1,0,0.5
325,2,1.4,0,0,0,1,0,0.5
326,1,1.6,0.5,0,0,1,1,1
326,2,1.6,0.5,0,0,1,1,1
327,1,2.3,0.5,0,0,1,2,1.2
327,2,2.3,0.5,0,0,1,2,1.2
341,1,1.4,0,0,0,1,1,1
341,2,1.4,0,0,0,1,1,1
342,1,1.4,0,0,0,1,1,1
342,2,1.4,0,0,0,1,1,1
342,3,1.4,0,0,0,1,1,1
342,4,1.4,0,0,0,1,1,1
343,1,1.4,0,0,0,1,0,0.5
343,2,1.4,0,0,0,1,0,0.5
344,1,2,1.3,0,0,1,1,1
344,2,2,1.3,0,0,1,1,1
345,1,2.4,0.5,0,0,1,2,1.2
345,2,2.4,0.5,0,0,1,2,1.2
346,1,2.8,1,0,0,1,2,1.2
346,2,2.8,1,0,0,1,2,1.2
347,1,2,0.5,0,0,1,2,1.2
347,2,2,0.5,0,0,1,2,1.2
347,3,2,0.5,0,0,1,2,1.2
348,1,1.2,0,0,0,1,0,0.5
348,2,1.2,0,0,0,1,0,0.5
349,1,2,0,0,0,1,1,1
349,2,2,0,0,0,1,1,1
349,3,2,0,0,0,1,1,1
350,1,3.5,1.5,0,0,1,2,5
350,2,3.5,1.5,0,0,1,2,5
350,3,3.5,1.5,0,0,1,2,5
359,1,1.4,0,0,0,1,1,1
359,2,1.4,0,0,0,1,1,1
359,3,1.4,0,0,0,1,1,1
359,4,1.4,0,0,0,1,1,1
359,5,1.4,0,0,0,1,1,1
359,6,1.4,0,0,0,1,1,1
360,1,1.4,0,0,0,1,2,1.2
360,2,1.4,0,0,0,1,2,1.2
360,3,1.4,0,0,0,1,2,1.2
360,4,1.4,0,0,0,1,2,1.2
361,1,1.4,0,0,0,1,0,0.5
363,1,2.1,1,0,0,1,1,1
363,2,2.1,1,0,0,1,1,1
364,1,2,1,0,0,1,2,1.2
365,1,1.4,0,0,0,1,1,1
365,2,1.4,0,0,0,1,1,1
365,3,1.4,0,0,0,1,1,1
367,1,2,0,0,0,1,1,1
367,2,2,0,0,0,1,1,1
367,3,2,0,0,0,1,1,1
370,1,1.4,0,0,0,1,1,1
374,1,1.4,0,0,0,1,0,0.5
375,1,1.4,0,0,0,1,0,0.5
375,2,1.4,0,0,0,1,0,0.5
375,3,1.4,0,0,0,1,0,0.5
376,1,2.2,0,0,0,1,2,1.2
376,2,2.2,0,0,0,1,2,1.2
377,1,1.4,0,0,0,1,1,1
377,2,1.4,0,0,0,1,1,1
377,3,1.4,0,0,0,1,1,1
377,4,1.4,0,0,0,1,1,1
377,5,1.4,0,0,0,1,1,1
379,1,2,0,0,0,1,2,1.2
379,2,2,0,0,0,1,2,1.2
382,1,1.4,0,0,0,1,2,1.2
383,1,2.5,1.5,0,0,1,2,1.2
383,2,2.5,1.5,0,0,1,2,1.2
383,3,2.5,1.5,0,0,1,2,1.2
385,1,2.6,2,0,0,1,2,1.2
385,2,2.6,2,0,0,1,2,1.2
385,3,2.6,2,0,0,1,2,1.2
385,4,2.6,2,0,0,1,2,1.2
385,5,2.6,2,0,0,1,2,1.2
387,1,1.4,0,0,0,1,0,0.5
387,2,1.4,0,0,0,1,0,0.5
388,1,1.4,0,0,0,1,0,0.5
388,2,1.4,0,0,0,1,0,0.5
389,1,1.4,0,0,0,1,0,0.5
389,2,1.4,0,0,0,1,0,0.5
389,3,1.4,0,0,0,1,0,0.5
390,1,1.4,0,0,0,1,1,1
390,2,1.4,0,0,0,1,1,1
390,3,1.4,0,0,0,1,1,1
391,1,1.4,0,0,0,1,1,1
391,2,1.4,0,0,0,1,1,1
391,3,1.4,0,0,0,1,1,1
391,4,1.4,0,0,0,1,1,1
392,1,1.4,0,0,0,1,0,0.5
392,2,1.4,0,0,0,1,0,0.5
392,3,1.4,0,0,0,1,0,0.5
393,1,1.8,0,0,0,1,1,1
394,1,1.4,0,0,0,1,1,1
394,2,1.4,0,0,0,1,1,1
394,3,1.4,0,0,0,1,1,1
395,1,1.4,0,0,0,1,1,1
395,2,1.4,0,0,0,1,1,1
395,3,1.4,0,0,0,1,1,1
396,1,2,0,0,0,1,1,1
396,2,2,0,0,0,1,1,1
396,3,2,0,0,0,1,1,1
397,1,1.4,0,0,0,1,1,1
397,2,1.4,0,0,0,1,1,1
397,3,1.4,0,0,0,1,1,1
398,1,1.4,0,0,0,1,1,1
398,2,1.4,0,0,0,1,1,1
398,3,1.4,0,0,0,1,1,1
398,4,1.4,0,0,0,1,1,1
399,1,1.4,0,0,0,1,0,0.5
399,2,1.4,0,0,0,1,0,0.5
399,3,1.4,0,0,0,1,0,0.5
400,1,3.5,1,0,0,1,2,1.2
400,2,3.5,1,0,0,1,2,1.2
401,1,3,1,0,0,1,2,1.2
401,2,3,1,0,0,1,2,1.2
402,1,3.2,1,0,0,1,2,1.2
402,2,3.2,1,0,0,1,2,1.2
402,3,3.2,1,0,0,1,2,1.2
403,1,1.4,0,0,0,1,1,1
403,2,1.4,0,0,0,1,1,1
403,3,1.4,0,0,0,1,1,1
404,1,3.2,1.5,0,0,1,2,1.2
404,2,3.2,1.5,0,0,1,2,1.2
405,1,1.4,0,0,0,1,1,1
405,2,1.4,0,0,0,1,1,1
405,3,1.4,0,0,0,1,1,1
406,1,1.4,0,0,0,1,1,1
406,2,1.4,0,0,0,1,1,1
406,3,1.4,0,0,0,1,1,1
406,4,1.4,0,0,0,1,1,1
406,5,1.4,0,0,0,1,1,1
407,1,3.8,2,0,0,1,2,1.2
407,2,3.8,2,0,0,1,2,1.2
407,3,3.8,2,0,0,1,2,1.2
408,1,2.2,1.5,0,0,1,2,1.2
408,2,2.2,1.5,0,0,1,2,1.2
408,3,2.2,1.5,0,0,1,2,1.2
408,4,2.2,1.5,0,0,1,2,1.2
409,1,1.4,0,0,0,1,1,1
409,2,1.4,0,0,0,1,1,1
409,3,1.4,0,0,0,1,1,1
410,1,1.4,0,0,0,1,1,1
410,2,1.4,0,0,0,1,1,1
411,1,1.4,0,0,0,1,1,1
412,1,1.4,0,0,0,1,0,0.5
412,2,1.4,0,0,0,1,0,0.5
413,1,1.4,0,0,0,1,0,0.5
413,2,1.4,0,0,0,1,0,0.5
413,3,1.4,0,0,0,1,0,0.5
416,1,2,0,0,0,1,2,1.2
417,1,2.2,0,0,0,1,2,1.2
419,1,2.7,0,0,0,1,2,1.2
419,2,2.7,0,0,0,1,2,1.2
420,1,3.2,1.5,0,0,1,2,1.2
420,2,3.2,1.5,0,0,1,2,1.2
420,3,3.2,1.5,0,0,1,2,1.2
421,1,1.4,0,0,0,1,1,1
421,2,1.4,0,0,0,1,1,1
421,3,1.4,0,0,0,1,1,1
423,1,3.8,1.5,0,0,1,2,1.2
423,2,3.8,1.5,0,0,1,2,1.2
424,1,2.2,1.5,0,0,1,1,1
424,2,2.2,0,0,0,1,1,1
424,3,2.2,1.5,0,0,1,1,1
425,1,1.4,0,0,0,1,1,1
425,2,1.4,0,0,0,1,1,1
425,3,1.4,0,0,0,1,1,1
425,4,1.4,0,0,0,1,1,1
425,5,1.4,0,0,0,1,1,1
426,1,1.4,0,0,0,1,1,1
426,2,1.4,0,0,0,1,1,1
426,3,1.4,0,0,0,1,1,1
426,4,1.4,0,0,0,1,1,1
426,5,1.4,0,0,0,1,1,1
427,1,1.4,0,0,0,1,1,1
427,2,1.4,0,0,0,1,1,1
427,3,1.4,0,0,0,1,1,1
428,1,1.4,0,0,0,1,0,0.5
428,2,1.4,0,0,0,1,0,0.5
428,3,1.4,0,0,0,1,0,0.5
428,4,1.4,0,0,0,1,0,0.5
429,1,1.4,0,0,0,1,1,1
429,2,1.4,0,0,0,1,1,1
431,1,1.8,0,0,0,1,2,1.2
431,2,1.8,0,0,0,1,2,1.2
431,3,1.8,0,0,0,1,2,1.2
431,4,1.8,0,0,0,1,2,1.2
431,5,1.8,0,0,0,1,2,1.2
434,1,2.6,0.5,0,0,1,2,1.2
434,2,2.6,0.5,0,0,1,2,1.2
435,1,4,1.5,0,0,1,2,1.2
437,1,1.4,0,0,0,1,0,0.5
438,1,1.4,0,0,0,1,0,0.5
439,1,2.2,0,0,0,1,2,1.2
440,1,2.8,0,0,0,1,2,1.2
440,2,2.8,0,0,0,1,2,1.2
440,3,2.8,0,0,0,1,2,1.2
440,4,2.8,0,0,0,1,2,1.2
450,1,3.1,1,0,0,1,1,1
450,2,3.1,1,0,0,1,1,1
450,3,3.1,1,0,0,1,1,1
451,1,2,0,0,0,1,2,1.2
451,2,2,0,0,0,1,2,1.2
451,3,2,0,0,0,1,2,1.2
452,1,1.4,0,0,0,1,1,1
452,2,1.4,0,0,0,1,1,1
452,3,1.4,0,0,0,1,1,1
453,1,1.6,0,0,0,1,2,1.2
453,2,1.6,0,0,0,1,2,1.2
453,3,1.6,0,0,0,1,2,1.2
453,4,1.6,0,0,0,1,2,1.2
454,1,1.4,0,0,0,1,1,1
454,2,1.4,0,0,0,1,1,1
454,3,1.4,0,0,0,1,1,1
455,1,1.4,0,0,0,1,0,0.5
455,2,1.4,0,0,0,1,0,0.5
455,3,1.4,0,0,0,1,0,0.5
455,4,1.4,0,0,0,1,0,0.5
455,5,1.4,0,0,0,1,0,0.5
510,1,1.4,0,0,0,1,0,0.5
512,1,1.4,0,0,0,1,0,0.5
514,1,1.4,0,0,0,1,0,0.5
515,1,1.4,0,0,0,1,0,0.5
564,1,1.4,0,0,0,1,0,0.5
567,1,1.4,0,0,0,1,0,0.5
569,1,1.4,0,0,0,1,0,0.5
569,2,1.4,0,0,0,1,0,0.5
569,3,1.4,0,0,0,1,0,0.5
569,4,1.4,0,0,0,1,0,0.5
576,1,1.4,0,0,0,1,0,0.5
582,1,1.2,0,0,0,1,0,0.5
582,2,1.2,0,0,0,1,0,0.5
582,3,1.2,0,0,0,1,0,0.5
595,1,1.4,0,0,0,1,0,0.5
595,2,1.4,0,0,0,1,0,0.5
595,3,1.4,0,0,0,1,0,0.5
595,4,1.4,0,0,0,1,0,0.5
596,1,1.4,0,0,0,1,0,0.5
600,1,2.6,0,0,0,1,2,1.2
600,2,2.6,0,0,0,1,2,1.2
600,3,2.6,0,0,0,1,2,1.2
621,1,1.4,0,0,0,1,1,1
621,2,1.4,0,0,0,1,1,1
621,3,1.4,0,0,0,1,1,1
621,4,1.4,0,0,0,1,1,1
626,1,1.4,0,0,0,1,1,1
627,1,2.8,2,0,0,1,1,1
627,2,2.8,2,0,0,1,1,1
627,3,2.8,2,0,0,1,1,1
629,1,1.4,0,0,0,1,0,0.5
630,1,3,1.5,0,0,1,1,1
631,1,1.4,0,0,0,1,0,0.5
632,1,3.2,1.5,0,0,1,2,1.2
632,2,3.2,1.5,0,0,1,2,1.2
632,3,3.2,1.5,0,0,1,2,1.2
632,4,3.2,1.5,0,0,1,2,1.2
632,5,3.2,1.5,0,0,1,2,1.2
687,1,1.4,0,0,0,1,0,0.5
688,1,1.4,0,0,0,1,1,1
688,2,1.4,0,0,0,1,1,1
701,1,1.2,0,0,0,1,0,0.5
701,2,1.2,0,0,0,1,0,0.5
701,3,1.2,0,0,0,1,0,0.5
702,1,1.4,0,0,0,1,1,1
702,2,1.4,0,0,0,1,1,1
702,3,1.4,0,0,0,1,1,1
703,1,2,0,0,0,1,2,1.2
703,2,2,0,0,0,1,2,1.2
703,3,2,0,0,0,1,2,1.2
703,4,2,0,0,0,1,2,1.2
703,5,2,0,0,0,1,2,1.2
704,1,2.4,4.3,0,0,1,2,1.2
704,2,2.4,4.3,0,0,1.4,2,1.2
704,3,2.4,4.3,0,0,1,2,1.2
704,4,2.4,4.3,0,0,1,2,1.2
704,5,2.4,4.3,0,0,1,2,1.2
704,6,2.4,4.3,0,0,1,2,1.2
705,1,1.4,0,0,0,1,0,0.5
705,2,1.4,0,0,0,1,0,0.5
706,1,1.4,0,0,0,1,0,0.5
706,2,1.4,0,0,0,1,0,0.5
707,1,1.4,0,0,0,1,0,0.5
708,1,1.4,0,0,0,1,0,0.5
708,2,1.4,0,0,0,1,0,0.5
708,3,1.4,0,0,0,1,0,0.5
708,4,1.4,0,0,0,1,0,0.5
709,1,1.4,0,0,0,1,0,0.5
709,2,1.4,0,0,0,1,0,0.5
709,3,1.4,0,0,0,1,0,0.5
710,1,1.8,0,0,0,1,1,1
710,2,1.8,0,0,0,1,1,1
710,3,1.8,0,0,0,1,1,1
711,1,1.8,1.3,0,0,1,1,1
711,2,1.8,1.3,0,0,1,1,1
711,3,1.8,1.3,0,0,1,1,1
711,4,1.8,1.3,0,0,1,1,1
712,1,1.6,0.5,0,0,1,1,1
712,2,1.6,0.5,0,0,1,1,1
713,1,1.4,0,0,0,1,0,0.5
714,1,1.4,1.3,0,0,1,1,1
714,2,1.4,1.3,0,0,1,1,1
714,3,1.4,1.3,0,0,1,1,1
715,1,1.4,0,0,0,1,1,1
715,2,1.4,0,0,0,1,1,1
716,1,1.4,0,0,0,1,1,1
716,2,1.4,0,0,0,1,1,1
716,3,1.4,0,0,0,1,1,1
716,4,1.4,0,0,0,1,1,1
716,5,1.4,0,0,0,1,1,1
718,1,2,0,0,0,1,1,1
718,2,2,0,0,0,1,1,1
718,3,2,0,0,0,1,1,1
718,4,2,0,0,0,1,1,1
718,5,2,0,0,0,1,1,1
718,6,2,0,0,0,1,1,1
719,1,1.4,0,0,0,1,1,1
719,2,1.4,0,0,0,1,1,1
719,3,1.4,0,0,0,1,1,1
719,4,1.4,0,0,0,1,1,1
720,1,1.4,0,0,0,1,1,1
720,2,1.4,0,0,0,1,1,1
721,1,3.8,0,0,0,1,2,1.2
721,2,3.8,0,0,0,1,2,1.2
722,1,1.4,0,0,0,1,2,1.2
722,2,1.4,0,0,0,1,2,1.2
722,3,1.4,0,0,0,1,2,1.2
723,1,2,0,0,0,1,2,1.2
723,2,2,0,0,0,1,2,1.2
723,3,2,0,0,0,1,2,1.2
723,4,2,0,0,0,1,2,1.2
723,5,2,0,0,0,1,2,1.2
726,1,1.4,0,0,0,1,1,1
726,2,1.4,0,0,0,2,2,1.2
726,3,1.4,0,0,0,1,1,1
726,4,1.4,0,0,0,1,1,1
727,1,2.2,0,0,0,1,2,1.2
727,2,2.2,0,0,0,1,2,1.2
728,1,1.2,0,0,0,1,0,0.5
728,2,1.2,0,0,0,1,0,0.5
729,1,1.4,0,0,0,1,0,0.5
729,2,1.4,0,0,0,1,0,0.5
730,1,1.4,0,0,0,1,1,1
730,2,1.4,0,0,0,1,1,1
731,1,1.4,0,0,0,1,1,1
731,2,1.4,0,0,0,1,1,1
731,3,1.4,0,0,0,1,1,1
731,4,1.4,0,0,0,1,1,1
731,5,1.4,0,0,0,1,1,1
732,1,3.8,1.5,0,0,1,2,1.2
732,2,3.8,1.5,0,0,1,2,1.2
732,3,3.8,1.5,0,0,1,2,1.2
732,4,3.8,1.5,0,0,1,2,1.2
733,1,2,0,0,0,1,2,1.2
733,2,2,0,0,0,1,2,1.2
734,1,2,0,0,0,1,2,1.2
734,2,2,0,0,0,1,2,1.2
734,3,2,0,0,0,1,2,1.2
735,1,3,0,0,0,1,2,1.2
735,2,3,0,0,0,1,2,1.2
737,1,1.4,0,0,0,1,1,1
737,2,1.4,0,0,0,1,1,1
737,3,1.4,0,0,0,1,1,1
737,4,1.4,0,0,0,1,1,1
738,1,2.5,0,0,0,1,2,1.2
738,2,2.5,0,0,0,1,2,1.2
738,3,2.5,0,0,0,1,2,1.2
738,4,2.5,0,0,0,1,2,1.2
739,1,2,0,0,0,1,2,1.2
739,2,2,0,0,0,1,2,1.2
739,3,2,0,0,0,1,2,1.2
740,1,1.4,0,0,0,1,1,1
740,2,1.4,0,0,0,1,1,1
740,3,1.4,0,0,0,1,1,1
741,1,2,0,0,0,1,2,1.2
741,2,2,0,0,0,1,2,1.2
741,3,2,0,0,0,1,2,1.2
741,4,2,0,0,0,1,2,1.2
741,5,2,0,0,0,1,2,1.2
742,1,1.4,0,0,0,1,1,1
742,2,1.4,0,0,0,1,1,1
742,3,1.4,0,0,0,1,1,1
743,1,2,0.8,0,0,1,1,1
743,2,2,0.8,0,0,1,1,1
744,1,2,0,0,0,1,2,1.2
744,2,2,0,0,0,1,2,1.2
744,3,2,0,0,0,1,2,1.2
744,4,2,0,0,0,1,2,1.2
745,1,2,0,0,0,1,2,1.2
745,2,2,0,0,0,1,2,1.2
745,3,2,0,0,0,1,2,1.2
745,4,2,0,0,0,1,2,1.2
745,5,2,0,0,0,1,2,1.2
745,6,2,0,0,0,1,2,1.2
745,7,2,0,0,0,1,2,1.2
747,1,1.4,0,0,0,1,1,1
747,2,1.4,0,0,0,1,1,1
747,3,1.4,0,0,0,1,1,1
747,4,1.4,0,0,0,1,1,1
747,5,1.4,0,0,0,1,1,1
748,1,2.5,0,0,0,1,2,1.2
749,1,2.5,0,0,0,1,2,1.2
749,2,2.5,0,0,0,1,2,1.2
750,1,1.4,0,0,0,1,0,0.5
750,2,1.4,0,0,0,1,0,0.5
751,1,1.4,0,0,0,1,2,1.2
751,2,1.4,0,0,0,1,2,1.2
751,3,1.4,0,0,0,1,2,1.2
752,1,1.4,0,0,0,1,0,0.5
752,2,1.4,0,0,0,1,0,0.5
753,1,1.4,0,0,0,1,0,0.5
753,2,1.4,0,0,0,1,0,0.5
753,3,1.4,0,0,0,1,0,0.5
754,1,1.4,0,0,0,1,1,1
754,2,1.4,0,0,0,1,1,1
754,3,1.4,0,0,0,1,1,1
754,4,1.4,0,0,0,1,1,1
755,1,1.4,0,0,0,1,1,1
755,2,1.4,0,0,0,1,1,1
756,1,1.4,0,0,0,1,0,0.5
756,2,1.4,0,0,0,1,0,0.5
756,3,1.4,0,0,0,1,0,0.5
757,1,2.8,1,0,0,1,2,1.2
761,1,1.2,0,0,0,1,0,0.5
762,1,1.2,0,0,0,1,0,0.5
763,1,1.2,0,0,0,1,0,0.5
764,1,1.2,0,0,0,1,0,0.5
765,1,1.2,0,0,0,1,0,0.5
771,1,2.5,1,0,0,1,2,1.2
771,2,2.5,1,0,0,1,2,1.2
772,1,2,0,0,0,1,2,1.2
772,2,2,0,0,0,1,2,1.2
772,3,2,0,0,0,1,2,1.2
773,1,1.4,0,0,0,1,1,1
773,2,1.4,0,0,0,1,1,1
774,1,2.5,0,0,0,1,2,1.2
774,2,2.5,0,0,0,1,2,1.2
774,3,2.5,0,0,0,1,2,1.2
775,1,2.5,0,0,0,1,1,1
775,2,2.5,0,0,0,1,1,1
776,1,2.5,0,0,0,1,2,1.2
776,2,2.5,0,0,0,1,2,1.2
776,3,2.5,0,0,0,1,2,1.2
776,4,2.5,0,0,0,1,2,1.2
777,1,3,0,0,0,1,2,1.2
778,1,1.4,0,0,0,1,1,1
778,2,1.4,0,0,0,1,1,1
779,1,1.4,0,0,0,1,1,1
779,2,1.4,0,0,0,1,1,1
800,1,1.4,0,0,0,1,0,0.5
800,2,1.4,0,0,0,1.5,1,1
800,3,1.4,0,0,0,2,2,1.2
800,4,1.4,0,0,0,1,0,0.5
800,5,1.4,0,0,0,1.5,1,1
800,6,1.4,0,0,0,2,2,1.2
800,7,1.4,0,0,0,1,0,0.5
801,1,1.4,0,0,0,1,1,1
801,2,1.4,0,0,0,0.5,0,0.5
801,3,1.4,0,0,0,1.35,2,1.2
801,4,1.4,0,0,0,1,1,1
801,5,1.4,0,0,0,1.35,2,1.2
801,6,1.4,0,0,0,1.35,2,1.2
801,7,1.4,0,0,0,1,1,1
801,8,1.4,0,0,0,1,1,1
802,1,2,0,0,0,1,2,1.2
803,1,2,0,0,0,1,1,1
804,1,2,0,0,0,1,2,1
805,1,1.4,0,0,0,1,1,1
805,2,1.4,0,0,0,1,1,1
806,1,2,0,0,0,1,2,1
807,1,2,0,0,0,1,2,1
808,1,2,0,0,0,1,2,1
809,1,2,0,0,0,1,2,1
810,1,2,0,0,0,1,2,1
811,1,2,0,0,0,1,2,1
900,1,2,0,0,0,1,2,1.2
106,1,4,2,0,0,1,2,1.2
676,1,1.4,0,0,0,1,1,1
676,2,1.4,0,0,0,1,1,1
65,1,2,0,0,0,1,2,1.2
66,1,2.2,0,0,0,1,2,1.2
64,1,1.7,0,0,0,1,1,1
67,1,3,1.2,0,0,1,2,1.2
67,2,3,1.2,0,0,1,2,1.2
63,1,1.4,0,0,0,1,1,1
62,1,1.4,0,0,0,1,0,0.5
117,1,3.5,1,0,0,1,2,1.2
117,2,3.5,1,0,0,1,2,1.2
117,3,3.5,1,0,0,1,2,1.2
680,1,1.4,0,0,0,1,1,1
680,2,1.4,0,0,0,1,1,1
679,1,2.3,0,0,0,1,2,1.2
679,2,2.3,0,0,0,1,2,1.2
679,3,2.3,0,0,0,1,2,1.2
11,1,2.3,0.3,0,0,1,2,1.2
11,2,2.3,0.3,0,0,1,2,1.2
11,3,2.3,0.3,0,0,1,2,1.2
677,1,2,0,0,0,1,2,1.2
677,2,2,0,0,0,1,2,1.2
118,1,2,0,0,0,1,2,1.2
118,2,2,0,0,0,1,2,1.2
681,1,1.4,1.3,0,0,1,1,1
681,2,1.4,1.3,0,0,1,1,1
681,3,1.4,1.3,0,0,1,1,1
44,1,1.4,0,0,0,1,1,1
44,2,1.4,0,0,0,1,1,1
44,3,1.4,0,0,0,1,1,1
32,1,2.4,1.5,0,0,1,2,1.2
32,2,2.4,1.5,0,0,1.3,8,1.2
32,3,2.4,1.5,0,0,1.3,8,1.2
32,4,2.4,1.5,0,0,1.3,8,1.2
32,5,2.4,1.5,0,0,1.3,8,1.2
83,1,3,1.3,0,0,1,2,1.2
83,2,3,1,0,0,1,2,1.2
83,3,3,1,0,0,1,2,1.2
83,4,3,1,0,0,1,2,1.2
26,1,2,0,0,0,1,1,1
26,2,2,0,0,0,1,1,1
26,3,2,0,0,0,1,1,1
4,1,1.5,0,0,0,1,1,1
4,2,1.5,0,0,0,1,1,1
4,3,1.5,0,0,0,1,1,1
4,4,1.5,0,0,0,1,1,1
4,5,1.5,0,0,0,1,1,1
5,1,2.5,0.3,0,0,1,1,1
5,2,2.5,0,0,0,1,1,1
5,3,2.5,0,0,0,1,1,1
48,1,2.5,0.5,0,0,1,2,1.2
48,2,2.5,0.5,0,0,1,2,1.2
48,3,2.5,0.5,0,0,1,2,1.2
30,1,1.4,0.5,0,0,1,1,1
30,2,1.4,0.5,0,0,1,1,1
30,3,1.4,0.5,0,0,1,1,1
130,1,1.4,0.5,0,0,1,1,1
6,1,2.3,0,0,0,1,2,1.2
6,2,2.3,0,0,0,1,2,1.2
6,3,2.3,0,0,0,1,2,1.2
104,1,2,0,0,0,1,2,1.2
104,2,2,0,0,0,1,2,1.2
104,3,2,0,0,0,1,2,1.2
16,1,1.4,0,0,0,1,1,1
16,2,1.4,0,0,0,1,1,1
116,1,2,0,0,0,1,2,1.2
116,2,2,0,0,0,1,2,1.2
128,1,2.4,0,0,0,1,2,1.2
128,2,2.4,0,0,0,1,2,1.2
128,3,2.4,0,0,0,1,2,1.2
128,4,2.4,0,0,0,1,2,1.2
129,1,2.4,0.3,0,0,1,2,1.2
129,2,2.4,0.3,0,0,1,2,1.2
129,3,2.4,0.3,0,0,1.3,8,1.2
129,4,2.4,0.3,0,0,1,2,1.2
23,1,2.2,1,0,0,1,2,1.2
23,2,2.2,1,0,0,1,2,1.2
105,1,2.2,0,0,0,1,2,1.2
457,1,1.2,0,0,0,1,0,0.5
457,2,1.2,0,0,0,1,0,0.5
457,3,1.2,0,0,0,1,0,0.5
33,1,2,1.5,0,0,1,2,1.2
33,2,2,1.5,0,0,1,2,1.2
33,3,2,1.5,0,0,1,2,1.2
33,4,2,1.5,0,0,1,2,1.2
19,1,2.2,0,0,0,1,2,1.2
19,2,2.2,0,0,0,1,2,1.2
19,3,2.2,0,0,0,1,2,1.2
75,1,2.4,0.5,0,0,1,2,1.2
75,2,2.4,0.5,0,0,1,2,1.2
60,1,1.4,0,0,0,1,1,1
60,2,1.4,0,0,0,1,1,1
115,1,1.8,1.3,0,0,1,1,1
115,2,1.8,1.3,0,0,1,1,1
82,1,2,1.3,0,0,1,2,1.2
82,2,2,0.7,0,0,1,2,1.2
82,3,2,0.7,0,0,1,2,1.2
42,1,1.4,0,0,0,1,1,1
42,2,1.4,0,0,0,1,1,1
59,1,1.4,0,0,0,1,1,1
59,2,1.4,0,0,0,1,1,1
678,1,1.7,0,0,0,1,2,1.2
678,2,1.7,0,0,0,1,2,1.2
31,1,1.5,0,0,0,1,1,1
31,2,1.5,0,0,0,1,1,1
47,1,3.2,1,0,0,1,2,1.2
47,2,3.2,1,0,0,1,2,1.2
47,3,3.2,1,0,0,1,2,1.2
80,1,2.2,1,0,0,1,2,1.2
80,2,2.2,1,0,0,1,2,1.2
369,1,1.8,1.3,0,0,1,1,1
369,2,1.8,1.3,0,0,1,1,1
369,3,1.8,1.3,0,0,1,1,1
458,1,1.4,0,0,0,1,0,0.5
458,2,1.4,0,0,0,1,0,0.5
458,3,1.4,0,0,0,1,0,0.5
25,1,2.8,1.2,0,0,1,1,1
2,1,1.2,0,0,0,1,0,0.5
2,2,1.2,0,0,0,1,0,0.5
2,3,1.2,0,0,0,1,0,0.5
2,4,1.2,0,0,0,1,0,0.5
590,1,2,1,0,0,1,1,1
590,2,2,1,0,0,2,1,1
3,1,1.4,0,0,0,1,1,1
3,2,1.4,0,0,0,1,1,1
758,1,1.4,0,0,0,1,0,0.5
766,1,3,0,0,0,1,2,1.2
210,1,2.8,1,0,0,1,2,1.2
210,2,2.8,1,0,0,1,2,1.2
422,1,2.8,1,0,0,1,2,1.2
422,2,2.8,1,0,0,1.4,2,1.2
760,1,1.4,0,0,0,1,1,1
760,2,1.4,0,0,0,1,1,1
760,3,1.4,0,0,0,1,1,1
127,1,1.4,0,0,0,1,1,1
127,2,1.4,0,0,0,1,1,1
127,3,1.4,0,0,0,1,1,1
211,1,3.5,2,0,0,1,2,1.2
211,2,3.5,2,0,0,1,2,1.2
211,3,3.5,2,0,0,1,2,1.2
211,4,3.5,2,0,0,1,2,1.2
211,5,3.5,2,0,0,1,2,1.2
218,1,1.6,0,0,0,1,1,1
209,1,1.6,0,0,0,1,1,1
209,2,1.6,0,0,0,1,1,1
209,3,1.6,0,0,0,1,1,1
213,1,2.5,1,0,0,1,2,1.2
759,1,1.4,0,0,0,1,1,1
759,2,1.4,0,0,0,1,1,1
208,1,1.2,0,0,0,1,0,0.5
208,2,1.2,0,0,0,1,0,0.5
208,3,1.2,0,0,0,1,0,0.5
208,4,1.2,0,0,0,1,0,0.5
41,1,1.4,1,0,0,1,1,1
41,2,1.4,1,0,0,1,1,1
41,3,1.4,1,0,0,1,1,1
41,4,1.4,1,0,0,1,1,1
584,1,1.4,0,0,0,1,1,1
584,2,1.4,0,0,0,1,1,1
584,3,1.4,0,0,0,1,1,1
214,1,3.4,2,0,0,1,2,1.2
214,2,3.4,3,0,0,1.28,8,1.2
214,3,3.4,2,0,0,1,2,1.2
214,4,3.4,2,0,0,1,2,1.2
214,5,3.4,2,0,0,1,2,1.2
607,1,1.2,0,0,0,1,1,1
607,2,1.2,0,0,0,2.8,1,1
548,1,1.4,0.5,0,0,1,1,1
548,2,1.4,0.5,0,0,1,1,1
548,3,1.4,0.5,0,0,1,1,1
548,4,1.4,0.5,0,0,1,1,1
548,5,1.4,0.5,0,0,1,1,1
814,1,2.8,0,0,0,1,2,1
814,2,2.8,0,0,0,1,2,1
814,4,2.8,0,0,0,1,2,1
814,5,2.8,0,0,0,1,2,1
815,1,2.2,0,0,0,1,2,1
816,1,2,0,0,0,1,2,1.2
816,2,2,0,0,0,1,2,1.2
817,1,1.4,0.5,0,0,1,8,1.5
818,1,1.4,0.5,0,0,1,8,1.5
819,1,1.4,0.5,0,0,1,8,1.5
820,1,1.4,0.5,0,0,1,8,1.5
821,1,1.4,0.5,0,0,1,8,1.5
822,1,1.4,0.5,0,0,1,8,1.5
823,1,1.4,0.5,0,0,1,8,1.5
824,1,1.4,0.5,0,0,1,8,1.5
781,1,1.4,0,0,0,1,0,0.5
782,1,1.4,0,0,0,1,1,1
783,1,1.4,0,0,0,1,0,0.5
784,1,1.4,0,0,0,1,1,1
682,1,1.4,0,0,0,1,0,0.5
683,1,1.4,0,0,0,1,1,1
901,1,1.4,0,0,0,1,0,0.5
902,1,1.4,0,0,0,1,0,0.5
903,1,1.4,0,0,0,1,0,0.5
904,1,1.4,0,0,0,1,0,0.5
905,1,1.4,0,0,0,1,0,0.5
22,1,1.4,0,0,0,1,1,1
697,1,1.4,0,0,0,1,0,0.5
697,2,1.4,0,0,0,1,0,0.5
698,1,1.4,1.3,0,0,1,1,1
698,2,1.4,1.3,0,0,1,1,1
698,3,1.4,1.3,0,0,1,1,1
699,1,2,1,0,0,1,1,1
699,2,2,1,0,0,1,1,1
700,1,2,0.5,0,0,1,2,1.2
700,2,2,0.5,0,0,1,2,1.2
700,3,2,0.5,0,0,1,2,1.2
675,1,1.7,0,0,0,1,2,1.2
910,1,2,0,0,0,1.45,8,1.2
911,1,2.2,0,0,0,1.3,8,1.2
912,1,3,0,0,0,1,2,5
102,1,1.4,0,0,0,1,1,1
102,2,1.4,0,0,0,1,1,1
20,1,1.4,0,0,0,1,0,0.5
190,1,1.2,0,0,0,1,0,0.5
191,1,1.4,1.5,0,0,1,1,1
192,1,2.5,1.5,0,0,1,2,1.2
193,1,3,2,0,0,1,2,1.2
328,1,4,2,0,0,1,2,1.2
