{
	"data/degeneration_para.mbe/digimon.csv": ["data/degeneration_para.mbe/digimon.csv", "mberecord_append"],
	"data/evolution_next_para.mbe/digimon.csv": ["data/evolution_next_para.mbe/digimon.csv", "mberecord_append"],
    "images/ui_chara_icon_[Digimon::ShimaUnimon::4ID()].img" : "images/ui_chara_icon_1548.img",
    "images/dot[Digimon::ShimaUnimon::3ID()].img" : "images/dot548.img",
    "[Digimon::ShimaUnimon::filename()].name": "chr1548.name",
    "[Digimon::ShimaUnimon::filename()].skel": "chr1548.skel",
    "[Digimon::ShimaUnimon::filename()].geom": "chr1548.geom",
    "[Digimon::ShimaUnimon::filename()].anim": "chr1548.anim"
}