id,memoryUse,growthType,unk3,baseHP,baseSP,baseATK,baseDEF,baseINT,baseSPD,maxLevel,equipSlots,supportSkill,sMove1,sMove1Level,sMove2,sMove2Level,move1,move1Level,move2,move2Level,move3,move3Level,move4,move4Level,move5,move5Level,move6,move6Level,expValue,levelCurve,profile,unk32,unk33
9,1,5,1,4600,3800,2200,4700,2500,3200,100,3,87,1213,1,3097,1,1243,2,1213,3,1309,4,1003,5,1126,6,0,0,9640,1,9,1,
10,1,2,1,5500,3000,7500,5500,4000,5000,100,3,58,1078,1,1269,1,1339,2,3052,3,3049,4,1352,5,1097,6,0,0,11200,2,10,1,
12,1,8,1,4500,5500,5000,4500,4500,7500,100,3,53,1084,1,1282,1,1139,2,1302,3,1200,4,1111,5,3054,6,0,0,11200,2,12,1,
13,1,6,1,2000,8500,2500,3000,7500,7000,100,3,73,3080,1,1270,1,3100,2,1005,3,3133,4,1148,5,3131,6,0,0,11200,2,13,1,
14,1,9,1,5500,4500,5500,6000,4200,4800,100,3,94,1383,1,3111,1,1289,2,1131,3,1380,4,1345,5,1035,6,0,0,11200,2,14,1,
15,1,8,1,4000,5500,6000,4000,4000,8000,100,3,103,3031,1,1175,1,1075,2,1379,3,1142,4,1141,5,1297,6,0,0,11200,2,15,1,
21,1,1,1,10500,4900,7000,7000,7500,5600,100,3,99,1142,1,1156,1,1341,2,3041,3,3026,4,1017,5,1035,6,0,0,14800,2,21,1,
24,1,6,1,8000,13500,2500,4500,14000,9500,100,3,7,3012,1,1142,1,1198,2,1357,3,3112,4,1365,5,1073,6,0,0,22800,3,24,1,
27,1,2,1,10500,5900,13000,10500,6000,9100,100,3,54,1300,1,1173,1,1097,2,1064,3,1305,4,1090,5,1225,6,0,0,22800,3,27,1,
34,1,6,1,5500,14000,6000,6000,16000,11500,100,3,98,1082,1,1367,1,1104,2,1141,3,3104,4,3109,5,1201,6,0,0,22800,4,34,1,
35,1,3,1,11000,7000,16500,7500,6000,11000,100,3,9,1164,1,3129,1,1311,2,3034,3,1204,4,1247,5,1005,6,0,0,36800,4,35,1,
36,1,7,1,8000,12600,4500,8000,17000,8900,100,3,60,1357,1,1336,1,1001,2,1213,3,3057,4,1243,5,1171,6,0,0,36800,4,36,1,
37,1,1,1,11000,7600,11500,10500,9500,8900,100,3,108,1290,1,1337,1,1177,2,3083,3,1382,4,3068,5,1195,6,0,0,36800,4,37,1,
38,1,10,1,9500,8400,12500,7000,12500,9100,100,3,37,1182,1,1169,1,1073,2,3025,3,3028,4,1025,5,1306,6,0,0,36800,4,38,1,
39,1,10,1,9000,9000,10500,7000,14500,9000,100,3,104,3054,1,1042,1,1362,2,1245,3,1303,4,1216,5,3080,6,0,0,36800,4,39,1,
40,1,2,1,12000,4500,18400,11000,7000,9100,100,3,56,1090,1,1334,1,1057,2,1336,3,1355,4,1312,5,1279,6,0,0,36800,4,40,1,
43,1,6,1,3000,7000,4500,4000,7000,6000,100,3,48,1233,1,1046,1,1079,2,3059,3,1212,4,1298,5,1298,6,0,0,11200,2,43,1,
49,1,2,1,10500,4500,13000,13000,4100,8900,100,3,100,1297,1,1150,1,1063,2,3046,3,1002,4,3009,5,1023,6,0,0,22800,3,49,1,
50,1,2,1,4500,2000,6800,4500,1500,3700,100,3,97,1359,1,1179,1,1117,2,3083,3,1365,4,1143,5,3119,6,0,0,9640,1,50,1,
53,1,6,1,2000,6500,1400,3000,5400,4700,100,3,93,3094,1,1010,1,1078,2,1067,3,1271,4,3097,5,1286,6,0,0,9640,1,53,1,
54,1,3,1,7500,4500,8000,4000,2500,6000,100,3,63,1180,1,1135,1,1250,2,1134,3,1040,4,1161,5,1240,6,0,0,11200,2,54,1,
55,1,3,1,4500,2500,5500,3000,2700,4300,100,3,49,1023,1,1296,1,3115,2,1091,3,3026,4,1040,5,1208,6,0,0,9640,1,55,1,
56,1,1,1,4700,3000,3400,3400,3000,3500,100,3,4,3025,1,3063,1,3006,2,3041,3,1273,4,1001,5,1211,6,0,0,9640,1,56,1,
57,1,9,1,8000,9400,9500,8000,10000,9100,100,3,56,3044,1,1204,1,1297,2,1238,3,3029,4,1293,5,1192,6,0,0,22800,3,57,1,
58,1,7,1,6500,5500,2500,4000,7800,4200,100,3,79,1004,1,1089,1,3049,2,1050,3,1183,4,1066,5,1365,6,0,0,11200,2,58,1,
61,1,1,1,9500,4900,7500,6500,7000,5600,100,3,11,3059,1,3051,1,1213,2,1359,3,3138,4,3032,5,1199,6,0,0,14800,2,61,1,
68,1,8,1,3000,5500,6000,4500,5000,7500,100,3,43,1226,1,3092,1,1252,2,1186,3,3085,4,3130,5,1336,6,0,0,11200,2,68,1,
69,1,8,1,100,7900,5000,99900,100,8100,100,3,30,3047,1,1027,1,1080,2,1181,3,3111,4,1300,5,3010,6,0,0,128800,1,69,1,
70,1,5,1,7500,4600,4000,7500,2500,4400,100,3,11,1115,1,1298,1,1302,2,1160,3,3136,4,1172,5,3127,6,0,0,11200,1,70,1,
71,1,3,1,9500,5000,11500,6500,3000,8500,100,3,34,1321,1,3122,1,1324,2,1055,3,1141,4,1091,5,3090,6,0,0,14800,2,71,1,
72,1,2,1,6000,3000,8000,6500,3200,4800,100,3,81,1012,1,1307,1,1281,2,1131,3,1092,4,3020,5,1212,6,0,0,11200,2,72,1,
73,1,7,1,7500,9000,3000,5500,10500,7000,100,3,22,1048,1,1237,1,1227,2,3129,3,1240,4,3123,5,1330,6,0,0,14800,2,73,1,
74,1,3,1,9000,4500,9500,4500,5000,10000,100,3,112,1294,1,3019,1,1353,2,3026,3,1098,4,1175,5,1193,6,0,0,14800,2,74,1,
77,1,8,1,3500,6500,4500,5000,5000,8000,100,3,39,1165,1,1013,1,1087,2,1087,3,1227,4,1376,5,1071,6,0,0,11200,2,77,1,
78,1,2,1,6000,4000,8000,5500,3000,6000,100,3,5,1348,1,1060,1,3117,2,3084,3,1303,4,1354,5,1224,6,0,0,11200,2,78,1,
79,1,9,1,6500,7500,7300,8500,6000,6700,100,3,93,1311,1,1032,1,1212,2,1017,3,1146,4,1010,5,3108,6,0,0,14800,2,79,1,
81,1,6,1,1400,5100,4400,2100,5100,4400,100,3,71,1018,1,1076,1,1274,2,1224,3,3078,4,1199,5,1103,6,0,0,9640,1,81,1,
84,1,8,1,5000,8000,7500,7000,7500,10500,100,3,64,1268,1,3030,1,3083,2,1338,3,1038,4,1048,5,3023,6,0,0,14800,2,84,1,
85,1,10,1,8000,6400,9000,5500,9000,6100,100,3,112,1049,1,1200,1,1103,2,1366,3,1150,4,1238,5,1215,6,0,0,14800,2,85,1,
86,1,8,1,7000,10000,9000,10500,10500,12000,100,3,86,1206,1,1075,1,1269,2,1115,3,3003,4,1104,5,3077,6,0,0,36800,4,86,1,
87,1,10,1,4500,4500,7000,4500,7000,5000,100,3,95,3000,1,1180,1,3103,2,3121,3,3067,4,1017,5,1177,6,0,0,11200,2,87,1,
88,1,2,1,11000,6500,14500,11000,9500,9500,100,3,33,1254,1,1309,1,1099,2,3123,3,3137,4,1380,5,1010,6,0,0,36800,4,88,1,
90,1,3,1,4700,2500,7000,3000,1500,4300,100,3,43,1126,1,3121,1,3081,2,3036,3,1267,4,1150,5,1026,6,0,0,9640,1,90,1,
91,1,3,1,5500,4000,8000,3000,3500,7500,100,3,39,3008,1,1249,1,1026,2,1356,3,1285,4,1340,5,1322,6,0,0,11200,2,91,1,
92,1,6,1,2500,8000,3000,3500,8000,6500,100,3,16,1307,1,1121,1,1338,2,3053,3,1069,4,1349,5,3125,6,0,0,11200,2,92,1,
93,1,10,1,5000,4500,7500,4000,6700,4800,100,3,65,1225,1,3068,1,3103,2,3077,3,3029,4,1197,5,1152,6,0,0,11200,2,93,1,
94,1,3,1,13000,7000,14000,6500,4500,10000,100,3,26,1006,1,1356,1,1006,2,1032,3,1268,4,1167,5,1152,6,0,0,22800,3,94,1,
95,1,3,1,9000,7000,12000,7000,7000,12000,100,3,19,3072,1,1022,1,1073,2,3129,3,3077,4,1321,5,1236,6,0,0,22800,3,95,1,
96,1,9,1,3500,4000,3000,2500,4300,3700,100,3,63,3057,1,1379,1,1280,2,1007,3,1343,4,1335,5,1296,6,0,0,9640,1,96,1,
97,1,8,1,2100,3400,4000,2700,4000,4800,100,3,116,1096,1,1349,1,1172,2,1227,3,1360,4,1191,5,1360,6,0,0,9640,1,97,1,
101,1,7,1,6500,8500,5900,7000,10000,6100,100,3,43,1162,1,1113,1,1081,2,3001,3,1199,4,1095,5,1169,6,0,0,14800,2,101,1,
107,1,6,1,5000,10000,6000,5000,9500,8500,100,3,103,1050,1,1317,1,1256,2,1236,3,3013,4,1305,5,1120,6,0,0,14800,2,107,1,
111,1,2,1,4700,1200,5200,5200,1200,3500,100,3,7,3131,1,1158,1,1018,2,1166,3,1171,4,3011,5,1075,6,0,0,9640,1,111,1,
112,1,3,1,4400,2100,6500,3500,1700,4300,100,3,64,1338,1,1158,1,1358,2,1326,3,3030,4,1176,5,1190,6,0,0,9640,1,112,1,
113,1,7,1,6000,6600,2000,3500,8000,4400,100,3,112,1375,1,1037,1,1272,2,1088,3,3096,4,1195,5,1141,6,0,0,28800,1,113,1,
114,1,3,1,4600,3000,6700,3000,1400,4300,100,3,86,1165,1,1201,1,3078,2,3042,3,1205,4,1308,5,1205,6,0,0,9640,1,114,1,
126,1,9,1,9500,9500,10000,10500,10000,9500,100,3,30,1012,1,1019,1,1303,2,3082,3,1009,4,1233,5,3056,6,0,0,36800,4,126,1,
132,1,7,1,8000,8000,4700,6500,9500,5800,100,3,21,1006,1,1324,1,1284,2,1334,3,3081,4,1380,5,1213,6,0,0,14800,2,132,1,
134,1,2,1,8500,4500,11500,8000,4800,6700,100,3,83,3008,1,1333,1,1008,2,1294,3,1115,4,1249,5,1174,6,0,0,14800,2,134,1,
135,1,8,1,7000,9000,10500,8000,8000,11500,100,3,29,3044,1,1254,1,1136,2,1376,3,1223,4,1181,5,1140,6,0,0,22800,3,135,1,
140,1,3,1,8500,4500,11500,4500,4000,9500,100,3,74,1375,1,1264,1,1281,2,3014,3,3095,4,1040,5,3002,6,0,0,14800,2,140,1,
143,1,2,1,4400,1700,6100,5000,1700,3600,100,3,45,1276,1,3018,1,1303,2,3032,3,1327,4,1180,5,1202,6,0,0,9640,1,143,1,
148,1,6,1,5000,10000,3000,5000,12500,8500,100,3,112,1230,1,3065,1,1087,2,1162,3,1375,4,1135,5,1244,6,0,0,14800,2,148,1,
150,1,10,1,8500,9000,12000,9500,10500,9500,100,3,34,1266,1,1305,1,1130,2,1124,3,1048,4,1061,5,1024,6,0,0,36800,4,150,1,
151,1,9,1,4500,3500,4500,3200,3000,3800,100,3,72,1124,1,1301,1,1086,2,1335,3,1283,4,1094,5,3032,6,0,0,9640,1,151,1,
175,1,2,1,11500,5400,12000,12000,5000,9100,100,3,79,1344,1,3118,1,1046,2,1194,3,3133,4,1078,5,1335,6,0,0,22800,3,175,1,
177,1,10,1,6500,6000,9000,5000,7500,7000,100,3,56,1105,1,3019,1,1044,2,1017,3,3032,4,1054,5,1172,6,0,0,14800,2,177,1,
182,1,4,1,7000,7900,11000,11000,8000,9100,100,3,90,1132,1,1335,1,1346,2,1107,3,3029,4,3049,5,1358,6,0,0,22800,3,182,1,
215,1,9,1,12000,9500,13000,9000,8500,10500,100,3,59,3021,1,1212,1,3015,2,3128,3,1033,4,1206,5,1053,6,0,0,36800,4,215,1,
301,1,2,1,8500,4000,9500,9000,3000,7000,100,3,89,3068,1,1226,1,1097,2,1067,3,3053,4,3049,5,3065,6,0,0,14800,2,301,1,
302,1,2,1,9500,4500,10500,9000,4100,6400,100,3,94,3090,1,1169,1,1328,2,3027,3,1090,4,1113,5,1250,6,0,0,14800,2,302,1,
303,1,4,1,2600,3000,3300,4700,4000,3400,100,3,31,1009,1,1280,1,1082,2,3106,3,3033,4,1198,5,3042,6,0,0,9640,1,303,1,
304,1,4,1,4000,4000,5500,6500,6300,4200,100,3,51,1083,1,1100,1,1012,2,3135,3,1131,4,3120,5,3079,6,0,0,11200,2,304,1,
305,1,5,1,8000,6200,5000,10000,6500,5300,100,3,64,1368,1,1263,1,1117,2,3011,3,1298,4,1094,5,1168,6,0,0,14800,2,305,1,
306,1,5,1,10500,7500,7000,10500,8000,8500,100,3,83,1034,1,1160,1,1289,2,1099,3,1266,4,3033,5,3107,6,0,0,22800,3,306,1,
307,1,9,1,3000,4000,3600,3000,3600,3800,100,3,2,3078,1,1258,1,1160,2,1379,3,1262,4,1190,5,1065,6,0,0,9640,1,307,1,
308,1,8,1,5000,6000,4500,3500,6000,6500,100,3,88,1344,1,3037,1,1261,2,1186,3,3087,4,3133,5,3020,6,0,0,11200,2,308,1,
309,1,8,1,6000,7000,7500,6000,8000,8000,100,3,75,3104,1,1301,1,3001,2,1233,3,1371,4,1295,5,1003,6,0,0,14800,2,309,1,
310,1,6,1,10000,11000,4500,5500,13000,10000,100,3,1,1296,1,1261,1,1342,2,1208,3,1117,4,1150,5,1287,6,0,0,22800,3,310,1,
311,1,9,1,6000,8000,5500,7000,8000,8000,100,3,59,3008,1,3037,1,3116,2,1316,3,1019,4,1352,5,1118,6,0,0,14800,2,311,1,
312,1,5,1,10000,7500,9000,12500,4500,8500,100,3,60,3008,1,1244,1,3092,2,1091,3,3024,4,3096,5,1298,6,0,0,22800,3,312,1,
313,1,5,1,8000,4500,4500,7000,2500,4000,100,3,2,1171,1,1109,1,1168,2,1154,3,1242,4,1211,5,1348,6,0,0,11200,1,313,1,
314,1,1,1,7500,3500,6000,5300,3800,4400,100,3,67,1031,1,3132,1,3040,2,3026,3,3125,4,1095,5,1074,6,0,0,11200,2,314,1,
315,1,7,1,9500,10400,5500,9500,13500,9100,100,3,55,3123,1,3075,1,1234,2,1228,3,3027,4,1327,5,1026,6,0,0,22800,3,315,1,
317,1,4,1,2000,1900,2400,3200,2300,2200,100,3,8,1051,1,1039,1,1269,2,1240,3,3106,4,1370,5,1207,6,0,0,8880,1,317,1,
320,1,6,1,1500,3500,1500,1500,3200,2800,100,3,62,3039,1,3041,1,3074,2,1019,3,3074,4,1043,5,3102,6,0,0,8880,1,320,1,
321,1,9,1,3000,2900,3000,2600,2600,2900,100,3,55,1326,1,3120,1,1136,2,1088,3,3031,4,1143,5,1327,6,0,0,9120,1,321,1,
322,1,2,1,3600,1300,4600,3500,1300,2700,100,3,108,1125,1,1095,1,1336,2,3101,3,1026,4,3085,5,3047,6,0,0,9120,1,322,1,
325,1,8,1,2000,3300,2700,2500,2500,4000,100,3,28,1126,1,1380,1,1358,2,1328,3,1204,4,3079,5,1020,6,0,0,9120,1,325,1,
326,1,2,1,6500,3500,8500,6000,2500,5500,100,3,100,1165,1,3128,1,1121,2,1034,3,1203,4,1043,5,3033,6,0,0,11200,2,326,1,
327,1,2,1,10900,4500,11000,8500,3000,6100,100,3,107,1193,1,1027,1,1057,2,1283,3,1375,4,3030,5,1002,6,0,0,14800,2,327,1,
341,1,4,1,5000,3500,5500,7500,5000,4000,100,3,34,3062,1,1309,1,1359,2,1341,3,1376,4,1178,5,1363,6,0,0,11200,2,341,1,
342,1,4,1,5500,4500,8000,9400,8000,5600,100,3,63,1270,1,1072,1,1130,2,3023,3,3037,4,1022,5,3064,6,0,0,14800,2,342,1,
343,1,1,1,5300,2500,4000,4000,3200,3500,100,3,12,3054,1,3083,1,1079,2,1096,3,1103,4,1297,5,1134,6,0,0,9640,1,343,1,
344,1,1,1,7000,4000,6500,4900,4500,4600,100,3,54,1054,1,3099,1,1074,2,1168,3,1254,4,1189,5,3116,6,0,0,11200,2,344,1,
345,1,1,1,10000,4000,9700,7500,5500,5800,100,3,70,1187,1,1179,1,1074,2,1018,3,1111,4,3094,5,1380,6,0,0,14800,2,345,1,
346,1,1,1,11500,6100,10500,9000,8000,8900,100,3,13,1192,1,1120,1,3122,2,1036,3,1286,4,1357,5,1054,6,0,0,22800,3,346,1,
347,1,7,1,5500,6000,2500,5000,7100,4400,100,3,12,3009,1,1111,1,1344,2,1129,3,1064,4,3125,5,3004,6,0,0,11200,2,347,1,
348,1,1,1,5100,2100,5000,3700,3100,3500,100,3,64,1082,1,1273,1,1117,2,1366,3,3069,4,1188,5,1134,6,0,0,9640,1,348,1,
349,1,1,1,7000,4000,5500,6000,4400,4600,100,3,103,1254,1,1148,1,3021,2,3119,3,3075,4,1095,5,1167,6,0,0,11200,2,349,1,
350,1,9,1,11000,9500,12500,8000,8000,10000,100,3,38,3134,1,1130,1,3118,2,3022,3,3011,4,1057,5,1113,6,0,0,8804,4,215,1,
359,1,6,1,5000,9000,3500,5000,10000,10000,100,3,104,1261,1,1119,1,1285,2,3132,3,3111,4,1011,5,1129,6,0,0,14800,2,359,1,
360,1,9,1,10000,10000,24000,6000,6000,4000,100,3,37,1305,1,1193,1,1085,2,1062,3,1363,4,1008,5,1147,6,0,0,8804,2,360,1,
361,1,6,1,1500,5500,2000,2500,5600,3900,100,3,96,3116,1,3094,1,1176,2,1096,3,3035,4,1161,5,1045,6,0,0,9640,1,361,1,
363,1,2,1,6500,2000,8500,6700,2000,4800,100,3,105,1039,1,1298,1,3074,2,3061,3,3027,4,1351,5,1176,6,0,0,11200,2,363,1,
364,1,4,1,6000,5500,7700,11500,6500,5300,100,3,109,1180,1,1014,1,1343,2,3010,3,3014,4,1071,5,1138,6,0,0,14800,2,364,1,
365,1,9,1,5000,6500,5500,4500,4500,6500,100,3,32,3006,1,1316,1,1271,2,3073,3,3078,4,1338,5,1044,6,0,0,11200,2,365,1,
367,1,2,1,6000,3000,9000,5500,2000,5000,100,3,82,1167,1,1213,1,1252,2,3013,3,3022,4,3047,5,3079,6,0,0,11200,2,367,1,
370,1,1,1,7500,3900,5000,4500,5000,4600,100,3,22,1053,1,1175,1,1147,2,1011,3,1031,4,3015,5,1296,6,0,0,11200,2,370,1,
374,1,1,1,7500,4500,7500,9500,6200,5800,100,3,80,1202,1,1363,1,3081,2,3054,3,3083,4,1352,5,1216,6,0,0,14800,2,374,1,
375,1,4,1,5800,3500,5500,7000,4500,4200,100,3,11,1103,1,1306,1,1312,2,1238,3,3121,4,1328,5,1126,6,0,0,11200,2,375,1,
376,1,1,1,13500,5200,6000,6000,5000,5300,100,3,112,1291,1,1382,1,1266,2,3100,3,3088,4,1246,5,3089,6,0,0,14800,2,376,1,
377,1,6,1,3000,7500,3500,3500,8000,6000,100,3,89,1280,1,1153,1,1338,2,1206,3,3042,4,1371,5,1027,6,0,0,11200,2,377,1,
379,1,1,1,10000,6400,6000,8000,6500,5600,100,3,108,3016,1,3060,1,1318,2,1348,3,1333,4,3064,5,1091,6,0,0,14800,2,379,1,
382,1,4,1,7500,7500,11500,14500,9500,8500,100,3,69,1368,1,1132,1,1338,2,1204,3,1099,4,1018,5,1204,6,0,0,36800,4,382,1,
383,1,2,1,11000,4400,15500,10500,3500,9100,100,3,69,1065,1,1342,1,1298,2,1374,3,1312,4,1328,5,1124,6,0,0,22800,3,383,1,
385,1,4,1,7500,6500,12000,12000,7500,8500,100,3,115,1090,1,1172,1,3089,2,3103,3,1201,4,1338,5,3116,6,0,0,22800,3,385,1,
387,1,1,1,3200,1800,2300,2300,2000,2400,100,3,74,1105,1,1324,1,1382,2,3032,3,3081,4,3096,5,1313,6,0,0,8880,1,387,1,
388,1,1,1,4000,1900,2900,2800,2900,2500,100,3,104,1231,1,3129,1,1139,2,3091,3,1260,4,1060,5,1048,6,0,0,9120,1,388,1,
389,1,7,1,3400,4300,2200,2700,5000,3400,100,3,62,1365,1,1098,1,1019,2,1365,3,1106,4,1244,5,1157,6,0,0,9640,1,389,1,
390,1,7,1,7000,9000,2000,5500,14500,7500,100,3,26,1097,1,3037,1,3026,2,1351,3,3098,4,1381,5,1358,6,0,0,22800,2,390,1,
391,1,9,1,4000,4000,4000,2500,4000,4000,100,3,107,1307,1,1190,1,1036,2,1158,3,1040,4,1265,5,1035,6,0,0,9640,1,391,1,
392,1,4,1,2700,2700,3900,4800,3700,3200,100,3,97,1343,1,1014,1,3017,2,1074,3,3065,4,1016,5,1313,6,0,0,9640,1,392,1,
393,1,1,1,8500,3000,5600,5000,4000,4400,100,3,107,1274,1,1132,1,1201,2,1073,3,1019,4,1305,5,1063,6,0,0,11200,2,393,1,
394,1,2,1,6500,2500,9200,6000,2500,4800,100,3,4,1077,1,3108,1,1339,2,1313,3,1116,4,3109,5,1190,6,0,0,11200,2,394,1,
395,1,6,1,3500,7500,2000,4000,7500,7000,100,3,101,1136,1,1204,1,1307,2,1061,3,1328,4,1193,5,3105,6,0,0,11200,2,395,1,
396,1,3,1,6000,4000,7500,4500,3000,6500,100,3,70,3089,1,1066,1,1117,2,1188,3,1242,4,1153,5,1360,6,0,0,11200,2,396,1,
397,1,2,1,6000,4500,7500,5500,2500,6500,100,3,28,3019,1,1303,1,1352,2,1360,3,3103,4,1155,5,1231,6,0,0,11200,2,397,1,
398,1,7,1,5000,6000,2500,5200,7000,4800,100,3,13,1073,1,1031,1,3097,2,3026,3,3069,4,1195,5,1382,6,0,0,11200,2,398,1,
399,1,7,1,6000,6500,2900,4000,6500,4600,100,3,50,3113,1,1229,1,1109,2,1033,3,1108,4,1093,5,1360,6,0,0,11200,2,399,1,
400,1,3,1,8500,5000,10000,5500,5500,9500,100,3,107,1125,1,1173,1,1131,2,3115,3,1164,4,1224,5,1328,6,0,0,14800,2,400,1,
401,1,2,1,7500,3500,9500,10000,3500,7000,100,3,79,3010,1,1093,1,1029,2,3042,3,1331,4,3068,5,1316,6,0,0,14800,2,401,1,
402,1,4,1,7500,4500,8400,8500,6000,6100,100,3,64,1151,1,1148,1,1068,2,1207,3,1318,4,1326,5,3059,6,0,0,14800,2,402,1,
403,1,3,1,10000,4500,10000,5500,4000,8500,100,3,31,3057,1,1382,1,3007,2,1160,3,1051,4,1324,5,1094,6,0,0,14800,2,403,1,
404,1,2,1,6500,4000,14000,9500,3000,7000,100,3,85,3040,1,1186,1,3101,2,3111,3,3009,4,1072,5,1316,6,0,0,14800,2,404,1,
405,1,6,1,6000,8500,3000,6000,11000,8000,100,3,61,1111,1,3058,1,1358,2,1128,3,1095,4,1303,5,1110,6,0,0,14800,2,405,1,
406,1,2,1,9500,4000,12000,7500,3100,6400,100,3,35,1039,1,1028,1,1355,2,1113,3,1086,4,1020,5,3086,6,0,0,14800,2,406,1,
407,1,2,1,9000,4500,9800,9500,4500,6700,100,3,23,1228,1,1155,1,1216,2,3005,3,1294,4,3120,5,1348,6,0,0,14800,2,407,1,
408,1,9,1,7500,8000,9000,7500,6000,7500,100,3,47,3051,1,1344,1,1368,2,1059,3,3123,4,1199,5,3066,6,0,0,14800,3,408,1,
409,1,9,1,7500,7500,7500,6500,6200,7300,100,3,45,1328,1,1357,1,1183,2,1342,3,1207,4,1024,5,1192,6,0,0,14800,2,409,1,
410,1,8,1,5500,7000,5500,5500,8500,9000,100,3,115,1314,1,1232,1,1375,2,1192,3,3087,4,1275,5,3100,6,0,0,14800,2,410,1,
411,1,7,1,6000,10700,2500,4500,11000,5300,100,3,32,1172,1,1322,1,3034,2,1172,3,1024,4,1344,5,1184,6,0,0,14800,2,411,1,
412,1,5,1,8500,6000,6700,9000,4000,5800,100,3,10,1239,1,3085,1,1226,2,1264,3,1063,4,1207,5,1008,6,0,0,14800,1,412,1,
413,1,4,1,5000,5000,7000,9000,7500,6400,100,3,111,1368,1,1308,1,1376,2,1294,3,1353,4,3013,5,1316,6,0,0,14800,1,413,1,
416,1,4,1,9000,7900,10500,12000,10500,9100,100,3,36,1350,1,3090,1,3031,2,3033,3,1107,4,1042,5,1203,6,0,0,36800,4,416,1,
417,1,3,1,11000,8500,12500,6500,6500,14000,100,3,27,1124,1,3094,1,1342,2,1078,3,1307,4,3051,5,3093,6,0,0,36800,4,417,1,
419,1,3,1,12000,7000,13500,8000,7500,9500,100,3,45,1146,1,1042,1,1038,2,1133,3,1241,4,3085,5,1109,6,0,0,22800,4,419,1,
420,1,9,1,10000,10500,10500,10500,10500,10000,100,3,94,3062,1,3073,1,3129,2,1331,3,1114,4,1012,5,1177,6,0,0,36800,4,420,1,
421,1,6,1,4500,12000,6500,12000,13000,9500,100,3,88,1345,1,1105,1,1236,2,1324,3,1130,4,1157,5,1163,6,0,0,22800,3,421,1,
423,1,2,1,9500,4900,11500,12000,5000,9100,100,3,39,3018,1,3071,1,1006,2,1005,3,1320,4,1106,5,3034,6,0,0,22800,3,423,1,
424,1,3,1,11000,5500,16500,6000,4500,10500,100,3,99,1067,1,1370,1,3089,2,1060,3,1101,4,1286,5,1135,6,0,0,22800,3,424,1,
425,1,6,1,6000,11500,5500,7000,12500,11500,100,3,31,1352,1,1188,1,1205,2,1195,3,1139,4,1268,5,3091,6,0,0,22800,3,425,1,
426,1,4,1,7000,6500,10000,11500,8500,8500,100,3,92,1183,1,3097,1,1088,2,1076,3,3075,4,1162,5,1031,6,0,0,22800,3,426,1,
427,1,6,1,5000,11500,9000,6000,12000,10500,100,3,98,1034,1,1139,1,1211,2,1160,3,1359,4,1345,5,3091,6,0,0,22800,3,427,1,
428,1,4,1,6500,6500,11000,10000,9500,8500,100,3,102,1379,1,3085,1,3112,2,3089,3,1330,4,1255,5,1141,6,0,0,22800,3,428,1,
429,1,5,1,10000,8400,6000,11000,6500,9100,100,3,49,3037,1,1089,1,1362,2,1280,3,1242,4,3032,5,1344,6,0,0,88800,1,429,1,
431,1,2,1,10000,4400,13500,10500,4500,9100,100,3,105,1097,1,3114,1,1311,2,1045,3,1031,4,3094,5,1031,6,0,0,22800,3,431,1,
434,1,7,1,9000,9000,6000,9000,10500,8500,100,3,76,1215,1,1113,1,3084,2,1126,3,1102,4,1162,5,3069,6,0,0,22800,3,434,1,
435,1,6,1,11000,11000,5000,8000,17000,10000,100,3,106,1324,1,3096,1,3094,2,1312,3,1071,4,3087,5,3097,6,0,0,36800,4,435,1,
437,1,2,1,2900,1100,3400,2900,1100,2600,100,3,41,3109,1,3127,1,1155,2,1348,3,3135,4,1039,5,1281,6,0,0,8880,1,437,1,
438,1,2,1,3500,1500,4400,3400,1500,2700,100,3,28,1025,1,1213,1,1276,2,3019,3,3093,4,1164,5,1224,6,0,0,9120,1,438,1,
439,1,7,1,12000,12000,5000,6500,14000,9500,100,3,86,1301,1,1247,1,3044,2,1172,3,3050,4,3008,5,3045,6,0,0,36800,4,439,1,
440,1,1,1,13000,5500,13000,7500,6500,8500,100,3,91,1164,1,1284,1,3091,2,1142,3,3125,4,1283,5,1258,6,0,0,22800,3,440,1,
450,1,7,1,11500,9500,3500,6500,12500,8500,100,3,102,1370,1,1325,1,1019,2,1088,3,3112,4,3069,5,3074,6,0,0,22800,3,450,1,
451,1,7,1,7000,12000,3500,6500,13500,8500,100,3,77,1114,1,1267,1,1127,2,1174,3,1198,4,3125,5,1242,6,0,0,22800,3,451,1,
452,1,4,1,4500,3500,7800,6500,4000,4200,100,3,93,3109,1,1093,1,1319,2,1077,3,3077,4,1348,5,1035,6,0,0,11200,2,452,1,
453,1,7,1,13500,11000,5000,7500,12000,8500,100,3,4,1106,1,1253,1,3037,2,1367,3,3004,4,1022,5,1009,6,0,0,22800,3,453,1,
454,1,3,1,6000,3000,7000,5500,3500,5500,100,3,10,1370,1,1293,1,1302,2,3007,3,1230,4,1169,5,1050,6,0,0,11200,2,454,1,
455,1,5,1,6500,5000,3500,8500,3000,4000,100,3,1,1109,1,1130,1,1165,2,1341,3,1099,4,1307,5,1285,6,0,0,11200,1,455,1,
510,1,1,1,4100,2000,2900,2900,2600,2500,100,3,53,1345,1,1126,1,1046,2,1205,3,1060,4,3050,5,3094,6,0,0,9120,1,510,1,
512,1,1,1,4000,2000,3200,2900,2400,2500,100,3,75,1205,1,1016,1,3010,2,3001,3,1065,4,1113,5,3065,6,0,0,9120,1,512,1,
514,1,7,1,3000,3500,1500,2500,4000,2500,100,3,88,1076,1,3075,1,3006,2,3028,3,1252,4,3114,5,1197,6,0,0,9120,1,514,1,
515,1,6,1,1500,4400,1500,2000,4000,3600,100,3,90,1355,1,1189,1,3122,2,1052,3,1294,4,3018,5,1110,6,0,0,9120,1,515,1,
564,1,9,1,4000,4000,3300,3000,3000,3700,100,3,9,1047,1,1026,1,1274,2,1155,3,1327,4,1159,5,1202,6,0,0,9640,1,564,1,
567,1,6,1,1600,4000,2100,1900,3900,3500,100,3,54,1018,1,1192,1,3049,2,1362,3,1308,4,1049,5,1152,6,0,0,9120,1,567,1,
569,1,3,1,3900,2700,6000,2000,2000,4400,100,3,42,1110,1,3060,1,1371,2,3097,3,3051,4,1251,5,1050,6,0,0,9640,1,569,1,
576,1,7,1,6500,7500,3500,6500,11200,5800,100,3,24,1131,1,1303,1,1139,2,3108,3,1163,4,3095,5,1215,6,0,0,14800,2,576,1,
582,1,7,1,4000,4700,1300,2600,5000,3400,100,3,32,3133,1,1179,1,3034,2,3074,3,1191,4,1099,5,3106,6,0,0,9640,1,582,1,
595,1,4,1,3000,3000,4000,5500,3700,3300,100,3,47,1012,1,1159,1,1158,2,1135,3,3050,4,1191,5,3118,6,0,0,9640,1,595,1,
596,1,1,1,8500,5300,7000,5500,7000,6700,100,3,58,3024,1,1167,1,3093,2,1212,3,3040,4,1283,5,1291,6,0,0,14800,2,596,1,
600,1,10,1,10500,7100,13500,6000,9000,8900,100,3,83,1266,1,1266,1,1363,2,3124,3,3124,4,3124,5,1300,6,0,0,22800,3,600,1,
621,1,4,1,4500,3500,6000,7800,4500,4200,100,3,9,3029,1,3042,1,1301,2,1270,3,1205,4,1002,5,1293,6,0,0,11200,2,621,1,
626,1,3,1,4500,3000,6000,2500,2200,4300,100,3,24,1126,1,3005,1,1179,2,1149,3,1077,4,1250,5,1098,6,0,0,9640,1,626,1,
627,1,3,1,7500,5500,13500,4500,3500,9500,100,3,12,1304,1,3069,1,1001,2,3016,3,1366,4,1271,5,1088,6,0,0,14800,2,627,1,
629,1,8,1,1500,2400,3000,2000,1900,3200,100,3,62,1046,1,1140,1,3014,2,3023,3,1106,4,1321,5,3050,6,0,0,8880,1,629,1,
630,1,3,1,7000,4000,9000,3500,2500,5500,100,3,79,1195,1,1201,1,1032,2,1321,3,3057,4,3015,5,1342,6,0,0,11200,2,630,1,
631,1,3,1,3500,2000,4500,2000,1500,3500,100,3,77,1104,1,1088,1,1055,2,1309,3,3122,4,3063,5,1087,6,0,0,9120,1,631,1,
632,1,3,1,11000,7000,18000,6000,4000,11500,100,3,92,1277,1,1316,1,1188,2,1203,3,1273,4,1271,5,1339,6,0,0,22800,3,632,1,
687,1,2,1,4500,2000,5500,5000,2400,3600,100,3,15,1100,1,1057,1,1271,2,3113,3,1111,4,1340,5,1010,6,0,0,9640,2,687,1,
688,1,2,1,15000,5100,12500,10500,7000,8900,100,3,101,3064,1,1183,1,3012,2,1180,3,1250,4,1065,5,1191,6,0,0,22800,4,688,1,
701,1,8,1,2500,4000,3500,2600,3500,4900,100,3,19,3029,1,1046,1,1114,2,1087,3,3039,4,3042,5,3116,6,0,0,9640,1,701,1,
702,1,8,1,3500,6000,5500,3500,4500,8500,100,3,88,1206,1,1337,1,1100,2,3033,3,3119,4,1211,5,1336,6,0,0,11200,2,702,1,
703,1,8,1,8000,10000,9500,9000,9500,13000,100,3,109,1380,1,1180,1,1074,2,1189,3,1375,4,1314,5,1095,6,0,0,36800,4,703,1,
704,1,4,1,6500,6500,9100,15000,8000,8900,100,3,93,3084,1,3087,1,1353,2,1333,3,1336,4,1293,5,1113,6,0,0,22800,3,704,1,
705,1,8,1,3000,4000,4500,3000,3000,5000,100,3,18,3044,1,1038,1,1028,2,3005,3,1334,4,3125,5,3088,6,0,0,9640,1,705,1,
706,1,8,1,2500,3500,5000,3000,3400,5100,100,3,47,3095,1,1064,1,3120,2,1137,3,3011,4,1070,5,1061,6,0,0,9640,1,706,1,
707,1,5,1,5300,3200,2300,4800,2100,3300,100,3,17,3076,1,1024,1,1052,2,1132,3,1058,4,1183,5,1155,6,0,0,9640,1,707,1,
708,1,5,1,4800,3400,2800,4900,1900,3200,100,3,43,1171,1,1359,1,1117,2,3045,3,1098,4,1272,5,3117,6,0,0,9640,1,708,1,
709,1,7,1,3400,4200,1400,3700,4900,3400,100,3,84,1143,1,1054,1,1097,2,3054,3,1037,4,3009,5,1007,6,0,0,9640,1,709,1,
710,1,9,1,5000,5000,6000,5000,4000,5500,100,3,113,3115,1,1063,1,1305,2,1335,3,1066,4,1320,5,1273,6,0,0,11200,2,710,1,
711,1,5,1,7000,4500,4500,7000,3500,4000,100,3,72,1106,1,1356,1,1060,2,1342,3,1290,4,1083,5,1182,6,0,0,11200,2,711,1,
712,1,2,1,7000,3500,9000,6000,2000,5000,100,3,87,3103,1,1227,1,1071,2,3067,3,3134,4,3010,5,1375,6,0,0,11200,2,712,1,
713,1,9,1,4200,3000,5000,4000,2500,3800,100,3,18,1260,1,3131,1,1103,2,1098,3,1045,4,1281,5,1189,6,0,0,9640,1,713,1,
714,1,8,1,4500,5500,6000,5500,3000,7000,100,3,80,1095,1,1059,1,1334,2,1141,3,3015,4,1335,5,1273,6,0,0,11200,2,714,1,
715,1,3,1,9000,3500,12000,6000,3000,9000,100,3,40,1004,1,3002,1,1368,2,3049,3,1304,4,1104,5,1353,6,0,0,14800,2,715,1,
716,1,9,1,6000,4000,7000,5000,4000,8500,100,3,37,1244,1,3089,1,3072,2,1288,3,1100,4,3084,5,1352,6,0,0,11200,2,716,1,
718,1,4,1,6500,6000,8200,9500,7000,5300,100,3,40,3080,1,1039,1,3110,2,3119,3,1317,4,3138,5,1127,6,0,0,14800,2,718,1,
719,1,2,1,9000,4200,11000,8500,4000,7300,100,3,75,1352,1,1161,1,3107,2,3049,3,1329,4,1045,5,1349,6,0,0,14800,2,719,1,
720,1,8,1,6000,8500,7000,7000,7500,9500,100,3,16,1254,1,1145,1,3049,2,3098,3,1077,4,1060,5,3130,6,0,0,14800,3,720,1,
721,1,8,1,4500,7500,7000,5500,7000,11000,100,3,14,1257,1,1071,1,1102,2,3012,3,1295,4,1342,5,1131,6,0,0,14800,2,721,1,
722,1,9,1,6500,6000,6500,6000,7000,9000,100,3,30,1176,1,1333,1,1265,2,1271,3,3119,4,1128,5,1336,6,0,0,14800,2,722,1,
723,1,5,1,9000,8200,4000,9500,9500,5300,100,3,70,1307,1,3030,1,3127,2,1214,3,1156,4,1353,5,3127,6,0,0,14800,3,723,1,
726,1,6,1,4000,10500,3000,4000,13500,7500,100,3,27,1357,1,1320,1,1055,2,1072,3,1097,4,3130,5,1164,6,0,0,14800,2,726,1,
727,1,8,1,5500,7000,8000,9000,5000,8000,100,3,48,3115,1,1141,1,1082,2,1300,3,1003,4,1042,5,1317,6,0,0,14800,2,727,1,
728,1,5,1,4000,3500,2500,4500,2700,3800,100,3,16,3033,1,3027,1,3117,2,1036,3,1254,4,1268,5,3017,6,0,0,9640,1,728,1,
729,1,5,1,7500,4600,6000,6500,2000,3900,100,3,61,3092,1,3033,1,3115,2,3133,3,3061,4,3081,5,1213,6,0,0,11200,1,729,1,
730,1,10,1,5000,4500,8200,4500,6000,4300,100,3,71,1182,1,3090,1,1041,2,3085,3,1010,4,3039,5,1332,6,0,0,11200,2,730,1,
731,1,8,1,5000,7000,7500,6000,6500,10500,100,3,97,1078,1,1319,1,1297,2,3108,3,1058,4,3133,5,3014,6,0,0,14800,2,731,1,
732,1,9,1,12000,9000,9000,9000,9000,9500,100,3,87,1020,1,1247,1,1272,2,1085,3,3002,4,3130,5,3094,6,0,0,22800,4,732,1,
733,1,6,1,4000,11500,5000,11000,13500,12500,100,3,108,1125,1,3007,1,1074,2,3023,3,1370,4,1190,5,1349,6,0,0,22800,3,733,1,
734,1,5,1,10000,9000,8000,14500,9000,8500,100,3,105,3112,1,3068,1,1067,2,1137,3,1375,4,1038,5,1137,6,0,0,36800,4,734,1,
735,1,6,1,9000,12500,5500,6000,14500,10000,100,3,5,1340,1,1205,1,1046,2,3095,3,1280,4,1289,5,3087,6,0,0,22800,3,735,1,
737,1,2,1,9500,6000,13000,10000,6000,9500,100,3,114,1091,1,3118,1,1273,2,3074,3,1091,4,1179,5,1361,6,0,0,22800,3,737,1,
738,1,3,1,11000,7000,15000,8500,5500,12000,100,3,22,1118,1,3084,1,1241,2,3095,3,1322,4,1096,5,3085,6,0,0,36800,4,738,1,
739,1,6,1,6000,12500,8500,7000,12000,13000,100,3,41,3069,1,1235,1,3125,2,3064,3,1162,4,1276,5,1018,6,0,0,36800,4,739,1,
740,1,8,1,6000,9000,9000,7000,9000,14000,100,3,86,1097,1,1011,1,1211,2,1349,3,1091,4,3015,5,3122,6,0,0,22800,3,740,1,
741,1,9,1,9000,7900,10000,9000,7000,9100,100,3,16,1075,1,1263,1,1183,2,1258,3,1155,4,1032,5,1078,6,0,0,22800,3,741,1,
742,1,6,1,5500,12500,3500,6500,15000,11000,100,3,38,1100,1,3051,1,1234,2,1029,3,1129,4,1071,5,3085,6,0,0,22800,3,742,1,
743,1,8,1,8500,10000,11000,8000,9000,15500,100,3,102,1107,1,1051,1,3010,2,1317,3,3070,4,3110,5,1211,6,0,0,36800,4,743,1,
744,1,3,1,10500,5500,14000,8500,5500,10000,100,3,35,1382,1,1294,1,3047,2,3010,3,1256,4,3073,5,1003,6,0,0,22800,3,744,1,
745,1,3,1,10500,6000,13000,7000,6000,11500,100,3,52,3046,1,1246,1,1381,2,1066,3,1228,4,1250,5,3001,6,0,0,22800,3,745,1,
747,1,3,1,10000,7000,14500,7000,8000,11000,100,3,103,1150,1,1261,1,1234,2,1226,3,3014,4,1214,5,1361,6,0,0,22800,3,747,1,
748,1,10,1,8500,9500,11500,9000,11500,10000,100,3,65,1008,1,1101,1,1245,2,3074,3,3133,4,1266,5,3113,6,0,0,36800,4,748,1,
749,1,3,1,9000,7500,13500,10500,7500,11000,100,3,105,1235,1,1329,1,3070,2,1337,3,1274,4,1156,5,1001,6,0,0,36800,4,749,1,
750,1,10,1,3000,3000,4500,2400,4500,3600,100,3,75,1115,1,3128,1,1073,2,1094,3,3116,4,1202,5,3089,6,0,0,9640,1,750,1,
751,1,4,1,6500,6500,10500,11500,10500,8500,100,3,82,3110,1,1270,1,1360,2,1127,3,3103,4,1004,5,1233,6,0,0,22800,3,751,1,
752,1,8,1,100,4500,3500,99900,100,4000,100,3,65,1255,1,1254,1,1044,2,1121,3,3010,4,1150,5,1201,6,0,0,48800,1,752,1,
753,1,5,1,9500,6000,4500,10500,4500,5000,100,3,17,1227,1,1224,1,1049,2,1038,3,1050,4,1282,5,1279,6,0,0,68800,1,753,1,
754,1,7,1,8500,10500,4500,8000,13000,9500,100,3,60,1342,1,3101,1,1361,2,1255,3,1168,4,1074,5,3116,6,0,0,22800,3,754,1,
755,1,7,1,5000,6500,2500,4400,8500,4600,100,3,91,3032,1,3114,1,1174,2,1175,3,1134,4,3038,5,1312,6,0,0,11200,2,755,1,
756,1,4,1,6000,5500,7000,10000,7500,5000,100,3,3,3124,1,3096,1,1169,2,1088,3,1285,4,3034,5,1340,6,0,0,14800,2,756,1,
757,1,4,1,10000,9000,10000,13000,10500,9500,100,3,63,1320,1,1125,1,1170,2,1022,3,1214,4,1329,5,3081,6,0,0,36800,4,757,1,
761,1,2,1,5500,2500,7800,5000,2000,4200,100,3,3,1029,1,1233,1,1048,2,1216,3,1107,4,3048,5,1155,6,0,0,9640,1,50,1,
762,1,2,1,5000,3000,7300,5500,2000,4200,100,3,71,3061,1,1053,1,1274,2,1342,3,1328,4,1031,5,1158,6,0,0,9640,1,50,1,
763,1,2,1,5500,2000,8300,5000,1500,4700,100,3,66,1050,1,1311,1,1122,2,1021,3,1108,4,1151,5,1126,6,0,0,9640,1,50,1,
764,1,2,1,4500,2000,6800,4500,1500,7700,100,3,85,1278,1,1180,1,1228,2,1127,3,1174,4,1228,5,1180,6,0,0,9640,1,50,1,
765,1,2,1,4500,4000,6800,4500,2500,4700,100,3,78,1154,1,1062,1,3105,2,1201,3,3034,4,1053,5,3028,6,0,0,9640,1,50,1,
771,1,2,1,10000,5500,12500,9000,6000,9000,100,3,115,1205,1,1270,1,1028,2,1307,3,1331,4,3083,5,1360,6,0,0,22800,3,771,1,
772,1,3,1,5000,8500,25500,5000,5000,13000,100,3,9,1095,1,1102,1,1097,2,1089,3,1028,4,1041,5,3108,6,0,0,36800,4,772,1,
773,1,3,1,7500,9500,8500,8500,9000,11000,100,3,48,1345,1,1038,1,1154,2,1341,3,1242,4,1151,5,3131,6,0,0,22800,3,773,1,
774,1,6,1,9000,12500,5500,5000,16000,9500,100,3,92,3010,1,3128,1,1053,2,1205,3,1316,4,1023,5,1144,6,0,0,22800,3,774,1,
775,1,3,1,11000,7000,17500,8000,6500,12000,100,3,92,3045,1,1150,1,3053,2,3117,3,1060,4,3099,5,1173,6,0,0,36800,4,775,1,
776,1,3,1,14000,7000,16500,6000,4500,11000,100,3,72,1170,1,1316,1,3031,2,3121,3,1253,4,3135,5,1168,6,0,0,22800,3,776,1,
777,1,10,1,9500,7500,12000,6000,10000,12500,100,3,29,3054,1,1151,1,1090,2,1142,3,3063,4,1237,5,1060,6,0,0,22800,3,777,1,
778,1,8,1,6000,8000,10000,9000,9500,15000,100,3,31,1080,1,1066,1,1225,2,1031,3,3078,4,3023,5,3118,6,0,0,22800,3,778,1,
779,1,9,1,9500,9000,10000,9000,11000,9000,100,3,38,1021,1,1311,1,3103,2,1340,3,3055,4,1086,5,1361,6,0,0,22800,3,779,1,
800,1,9,1,10000,10000,10000,10000,10000,10000,100,3,95,1333,1,3053,1,1091,2,1233,3,1249,4,1051,5,3078,6,0,0,8804,2,360,1,
801,1,9,1,10000,10000,10000,10000,10000,10000,100,3,108,1272,1,3072,1,1147,2,3001,3,3060,4,3004,5,1154,6,0,0,8804,2,360,1,
802,1,9,1,10000,10000,10000,10000,10000,10000,100,3,80,3023,1,1105,1,3023,2,3018,3,3052,4,1083,5,1326,6,0,0,8804,2,360,1,
803,1,9,1,10000,10000,10000,10000,10000,10000,100,3,73,1120,1,1083,1,3058,2,1100,3,1052,4,3015,5,3089,6,0,0,8804,2,360,1,
804,1,9,1,10000,10000,10000,10000,10000,10000,100,3,44,1087,1,1270,1,3064,2,3058,3,1068,4,3099,5,3131,6,0,0,8804,2,360,1,
805,1,3,1,10000,10000,30000,10000,10000,10000,100,3,21,1180,1,1354,1,3000,2,3101,3,1309,4,1168,5,3130,6,0,0,8804,2,360,1,
806,1,9,1,10000,10000,10000,10000,10000,10000,100,3,88,1273,1,1158,1,3039,2,1087,3,1078,4,1232,5,1243,6,0,0,8804,2,360,1,
807,1,9,1,10000,10000,10000,10000,10000,10000,100,3,15,1333,1,1364,1,1272,2,3028,3,1175,4,3009,5,1052,6,0,0,8804,2,360,1,
808,1,9,1,10000,10000,10000,10000,10000,10000,100,3,22,1130,1,1247,1,1058,2,1327,3,1138,4,1149,5,1234,6,0,0,8804,2,360,1,
809,1,9,1,10000,10000,10000,10000,10000,10000,100,3,112,1263,1,1174,1,1303,2,3115,3,1202,4,1247,5,1329,6,0,0,8804,2,360,1,
810,1,9,1,10000,10000,10000,10000,10000,10000,100,3,105,1122,1,1355,1,1135,2,1200,3,1133,4,3015,5,1259,6,0,0,8804,2,360,1,
811,1,9,1,10000,10000,10000,10000,10000,10000,100,3,112,3048,1,3074,1,1109,2,3117,3,3081,4,1343,5,1031,6,0,0,8804,2,360,1,
900,1,4,1,8500,7500,10000,12000,10000,7000,100,3,48,1092,1,3048,1,3020,2,1053,3,1131,4,1136,5,3064,6,0,0,36800,4,416,1,
106,1,2,1,11800,7500,19200,7500,4500,11500,100,3,46,1149,1,1087,1,1208,2,1256,3,1150,4,1152,5,3094,6,0,0,36800,4,106,1,
676,1,9,1,6000,3500,8500,4400,3500,6600,100,3,102,1279,1,1119,1,1228,2,3065,3,1136,4,3115,5,3080,6,0,0,11200,2,676,1,
65,1,9,1,6000,6700,10800,5000,7000,8500,100,3,104,3033,1,1143,1,1278,2,1183,3,1131,4,1255,5,3102,6,0,0,14800,2,65,1,
66,1,9,1,8800,10000,14700,6000,7000,11000,100,3,26,1067,1,1342,1,1126,2,1280,3,1182,4,1164,5,3123,6,0,0,22800,4,66,1,
64,1,9,1,6000,4500,9000,3500,4000,5500,100,3,45,1108,1,3019,1,1153,2,1273,3,3012,4,1150,5,3103,6,0,0,11200,2,64,1,
67,1,9,1,9800,10500,15500,6000,8500,11700,100,3,73,1039,1,1247,1,1151,2,1250,3,1143,4,1369,5,3042,6,0,0,36800,4,67,1,
63,1,9,1,4200,3300,5600,3000,3600,3300,100,3,70,3016,1,1367,1,1353,2,3000,3,1187,4,1047,5,3036,6,0,0,9640,2,63,1,
62,1,6,1,3300,2200,4700,1500,1800,3500,100,3,71,1040,1,3103,1,1119,2,1337,3,1208,4,1233,5,3082,6,0,0,9120,1,62,1,
117,1,3,1,10000,12000,4000,5000,15000,11500,100,3,90,1205,1,1136,1,1080,2,1151,3,3022,4,1134,5,1236,6,0,0,22800,3,117,1,
680,1,2,1,6000,4000,8000,3700,3000,6800,100,3,9,3017,1,1030,1,3063,2,1244,3,1012,4,3133,5,1041,6,0,0,11200,2,680,1,
679,1,8,1,8200,4500,12000,8200,4600,6500,100,3,96,1011,1,1303,1,1032,2,1312,3,3110,4,3097,5,1334,6,0,0,14800,2,679,1,
11,1,2,1,4600,3800,6300,4200,4700,6900,100,3,56,1168,1,1055,1,1228,2,1282,3,1092,4,1379,5,1042,6,0,0,11200,2,11,1,
677,1,10,1,11500,5000,14800,10700,6500,9000,100,3,66,3127,1,1111,1,1034,2,1008,3,1267,4,3096,5,1135,6,0,0,22800,3,677,1,
118,1,8,1,3500,8500,20500,3500,15500,10500,100,3,104,1165,1,1345,1,1259,2,1259,3,1262,4,1359,5,3069,6,0,0,36800,4,118,1,
681,1,5,1,7800,5200,10000,6500,6000,8500,100,3,54,3104,1,3120,1,1064,2,1039,3,1305,4,1169,5,1361,6,0,0,14800,2,681,1,
44,1,10,1,9300,6000,6500,9000,3700,5500,100,3,107,1225,1,1165,1,3065,2,3084,3,1065,4,1119,5,1348,6,0,0,14800,2,44,1,
32,1,8,1,9000,8700,12500,6500,12000,8800,100,3,89,1365,1,3067,1,1090,2,1288,3,1204,4,3132,5,1170,6,0,0,22800,3,32,1,
83,1,3,1,6800,8500,10100,6000,9100,11500,100,3,79,1145,1,1148,1,1363,2,1133,3,1215,4,1173,5,1317,6,0,0,22800,3,83,1,
26,1,10,1,8000,4800,11500,4500,4200,9500,100,3,68,1212,1,1056,1,1365,2,3044,3,3000,4,1261,5,1053,6,0,0,14800,2,26,1,
4,1,5,1,5500,8000,8000,4000,9500,7500,100,3,2,1176,1,3071,1,1002,2,3015,3,1159,4,3109,5,1346,6,0,0,14800,2,4,1,
5,1,2,1,8500,4000,5800,7400,2300,2500,100,3,29,3076,1,1285,1,1131,2,3038,3,1033,4,1037,5,1145,6,0,0,11200,2,5,1,
48,1,3,1,11000,5500,13000,10500,9500,8000,100,3,40,1125,1,1213,1,3041,2,1341,3,1265,4,3046,5,1259,6,0,0,22800,3,48,1,
30,1,1,1,5500,4100,7000,3800,4100,6000,100,3,74,1130,1,3049,1,1296,2,3074,3,3091,4,3041,5,1173,6,0,0,11200,2,30,1,
130,1,10,1,8000,3000,5500,6100,3200,4700,100,3,63,1001,1,3094,1,1291,2,1194,3,1139,4,3128,5,3013,6,0,0,11200,2,130,1,
6,1,9,1,6800,5000,9200,5200,8300,6500,100,3,89,1158,1,3054,1,3079,2,3119,3,1183,4,1142,5,1325,6,0,0,14800,2,6,1,
104,1,2,1,10500,9000,12000,10000,11000,10000,100,3,17,1244,1,1303,1,1067,2,1366,3,1211,4,1057,5,1122,6,0,0,36800,4,104,1,
16,1,3,1,5700,2800,8800,4300,2900,6000,100,3,23,1060,1,1154,1,1338,2,1233,3,1280,4,3129,5,1156,6,0,0,11200,2,16,1,
116,1,2,1,8000,5500,10000,7000,4000,9500,100,3,24,3054,1,3018,1,3035,2,1022,3,1356,4,3013,5,3086,6,0,0,14800,2,116,1,
128,1,7,1,10000,5000,13500,11500,6000,11500,100,3,93,1208,1,1029,1,1049,2,1129,3,1326,4,1099,5,3087,6,0,0,22800,3,128,1,
129,1,2,1,7000,7600,6300,5300,9800,5000,100,3,106,3010,1,3109,1,1229,2,1184,3,1177,4,1253,5,1070,6,0,0,14800,2,129,1,
23,1,3,1,7500,5000,13000,8000,4500,7500,100,3,44,1337,1,1350,1,1185,2,1176,3,3097,4,1112,5,3011,6,0,0,14800,2,23,1,
105,1,3,1,9000,9500,14000,8000,10000,11500,100,3,20,1150,1,1120,1,1367,2,1380,3,3079,4,3061,5,1130,6,0,0,36800,4,105,1,
457,1,4,1,3800,3200,5500,2500,3000,4500,100,3,26,3056,1,3052,1,1023,2,1341,3,1320,4,3037,5,1101,6,0,0,9640,1,457,1,
33,1,2,1,6000,5000,8500,11000,5500,5000,100,3,17,1340,1,1012,1,1089,2,1313,3,1249,4,1231,5,1278,6,0,0,14800,2,33,1,
19,1,10,1,11500,4200,16700,9000,3000,9600,100,3,40,3010,1,1061,1,1374,2,3097,3,1201,4,3031,5,1352,6,0,0,22800,3,19,1,
75,1,4,1,9500,8800,10500,6700,12000,10000,100,3,14,1063,1,1259,1,1041,2,1214,3,1367,4,1307,5,1371,6,0,0,22800,3,75,1,
60,1,2,1,7500,7000,11000,10500,7200,8800,100,3,29,3075,1,1051,1,3029,2,1028,3,3096,4,1338,5,1211,6,0,0,22800,3,60,1,
115,1,6,1,6000,3300,7700,7300,2700,5500,100,3,6,1116,1,1367,1,1036,2,1064,3,3028,4,1163,5,1102,6,0,0,11200,2,115,1,
82,1,8,1,5500,8500,5800,3300,9400,8500,100,3,115,3021,1,3117,1,1232,2,1239,3,1208,4,3033,5,1278,6,0,0,14800,2,82,1,
42,1,2,1,2800,3000,4100,2800,3400,4900,100,3,17,1045,1,3024,1,1119,2,3002,3,1103,4,3094,5,1115,6,0,0,9640,1,42,1,
59,1,3,1,9500,3800,9500,7500,3000,6700,100,3,9,1131,1,1040,1,1132,2,1030,3,1366,4,1255,5,3018,6,0,0,14800,2,59,1,
678,1,3,1,9000,7800,11200,6000,7500,12500,100,3,49,1086,1,3132,1,1229,2,1268,3,1121,4,1164,5,1305,6,0,0,22800,3,678,1,
31,1,1,1,8500,5000,9500,4000,5500,10000,100,3,9,1147,1,1238,1,3082,2,1136,3,1273,4,1133,5,3105,6,0,0,14800,2,31,1,
47,1,8,1,12500,6700,15000,8300,6000,9000,100,3,44,1016,1,1279,1,1013,2,1029,3,3085,4,1125,5,3077,6,0,0,22800,3,47,1,
80,1,4,1,8300,6600,12500,7500,8800,13800,100,3,44,1006,1,1370,1,1192,2,1063,3,1245,4,3096,5,1026,6,0,0,22800,3,80,1,
369,1,2,1,4500,3700,7200,7000,3800,4300,100,3,93,3081,1,3037,1,1352,2,1354,3,3076,4,1120,5,1254,6,0,0,11200,2,369,1,
458,1,2,1,4600,1500,6500,4200,1200,3000,100,3,89,1345,1,1075,1,1342,2,3081,3,1050,4,1270,5,1069,6,0,0,9640,1,458,1,
25,1,7,1,6000,2500,9200,5200,2000,5600,100,3,5,1090,1,1301,1,3011,2,1132,3,3100,4,1097,5,3026,6,0,0,11200,2,25,1,
2,1,1,1,2600,5000,3600,2300,5200,3800,100,3,86,1277,1,3109,1,1269,2,3051,3,1336,4,1054,5,1345,6,0,0,9640,1,2,1,
590,1,8,1,8900,3000,5600,5100,3900,4000,100,3,25,1296,1,1075,1,1033,2,1098,3,3024,4,1160,5,3011,6,0,0,11200,1,590,1,
3,1,8,1,3500,6000,4500,3500,5000,8000,100,3,8,3076,1,3131,1,1011,2,3038,3,1024,4,1344,5,1099,6,0,0,11200,2,3,1,
758,1,4,1,4500,3800,5500,6900,5300,4500,100,3,72,3041,1,3063,1,1043,2,1077,3,3012,4,1146,5,3004,6,0,0,11200,2,758,1,
766,1,9,1,10000,8000,13000,10000,11000,10000,100,3,68,1091,1,3117,1,1212,2,1077,3,1335,4,3062,5,1265,6,0,0,36800,4,766,1,
210,1,3,1,8000,4500,10000,6500,5000,10000,100,3,92,3111,1,1278,1,1360,2,1243,3,1211,4,1307,5,3106,6,0,0,14800,2,210,1,
422,1,2,1,10500,6000,14000,11500,7000,8500,100,3,77,1175,1,3048,1,1024,2,1260,3,3044,4,1072,5,1376,6,0,0,22800,4,422,1,
760,1,5,1,5000,3000,5500,10500,5200,2300,100,3,97,1052,1,3050,1,3025,2,1243,3,1280,4,1099,5,1205,6,0,0,11200,2,760,1,
127,1,4,1,8000,6500,11100,10000,7800,8600,100,3,38,3005,1,1379,1,1339,2,3038,3,1034,4,1104,5,1346,6,0,0,22800,3,127,1,
211,1,2,1,8500,4500,13500,8500,3500,5500,100,3,81,3032,1,1174,1,1379,2,1039,3,1126,4,1370,5,1186,6,0,0,14800,2,211,1,
218,1,2,1,6500,3700,8800,4500,3000,6000,100,3,115,3083,1,1358,1,1357,2,1297,3,1158,4,1298,5,1018,6,0,0,11200,2,218,1,
209,1,3,1,6500,3000,8800,5500,2200,6500,100,3,38,1151,1,3074,1,1304,2,1379,3,1291,4,1101,5,3032,6,0,0,11200,2,209,1,
213,1,9,1,10000,9500,12000,8000,8000,10000,100,3,85,1013,1,1099,1,1360,2,1359,3,3118,4,1007,5,3108,6,0,0,22800,4,213,1,
759,1,9,1,6600,4300,5200,5000,4800,4600,100,3,2,1345,1,3131,1,1056,2,3075,3,1296,4,1374,5,1005,6,0,0,11200,2,759,1,
208,1,2,1,4000,3000,6900,3100,1000,5000,100,3,14,1280,1,1022,1,1262,2,1146,3,1315,4,1266,5,1072,6,0,0,9640,1,208,1,
41,1,4,1,6000,5500,8200,9000,6500,5800,100,3,81,1238,1,1297,1,3112,2,1365,3,1203,4,1171,5,1027,6,0,0,14800,2,41,1,
584,1,6,1,5500,6000,6000,5500,10000,8000,100,3,20,1268,1,1229,1,1145,2,3046,3,3103,4,1326,5,1181,6,0,0,14800,2,584,1,
214,1,2,1,13000,5000,15000,11000,5500,8000,100,3,70,1181,1,3031,1,1243,2,1207,3,1231,4,3034,5,3107,6,0,0,22800,4,214,1,
607,1,1,1,4800,2000,4300,3500,3000,3400,100,3,31,3071,1,3110,1,3039,2,3096,3,1238,4,1246,5,1306,6,0,0,9640,1,607,1,
548,1,6,1,4000,6000,4500,3500,6500,6000,100,3,29,1238,1,1325,1,1016,2,1047,3,1084,4,1075,5,3021,6,0,0,11200,2,548,1,
22,1,9,1,4500,5800,6000,3600,6400,6200,100,3,71,3127,1,1237,1,1054,2,1034,3,1215,4,3092,5,1083,6,0,0,11200,2,22,1,
781,1,7,1,3500,4700,1400,2300,5300,3800,100,3,46,1119,1,1161,1,1075,2,1052,3,1271,4,1086,5,3064,6,0,0,9640,2,781,1,
782,1,6,1,9200,11200,3300,6800,12800,10700,100,3,18,1198,1,3018,1,1068,2,1248,3,1161,4,3038,5,1265,6,0,0,9640,4,782,1,
783,1,8,1,4000,5800,4700,3800,4600,7600,100,3,80,1063,1,1164,1,1177,2,1226,3,3015,4,1328,5,1232,6,0,0,11200,2,783,1,
784,1,3,1,9700,7000,12500,5800,7500,11500,100,3,22,1202,1,1135,1,3028,2,1159,3,3083,4,1205,5,1181,6,0,0,11200,4,784,1,
682,1,2,1,4500,2300,6500,4300,1600,3800,100,3,5,3118,1,1078,1,1237,2,1182,3,1251,4,1204,5,3013,6,0,0,9640,1,682,1,
683,1,9,1,9800,8800,11700,9500,6500,11200,100,3,24,1084,1,1021,1,3025,2,1076,3,1323,4,1298,5,3111,6,0,0,22800,3,683,1,
697,1,2,1,4300,1800,6300,5300,1500,3800,100,3,34,1183,1,1156,1,1245,2,1260,3,1125,4,3003,5,1033,6,0,0,9640,1,697,1,
698,1,2,1,5800,2800,8500,6800,2400,6200,100,3,10,3003,1,3026,1,1359,2,1080,3,3006,4,1187,5,1367,6,0,0,11200,2,698,1,
699,1,2,1,8800,4200,11200,8800,4000,7000,100,3,108,1339,1,1251,1,1223,2,1149,3,1081,4,3105,5,3002,6,0,0,14800,2,699,1,
700,1,2,1,10800,5300,13000,11700,5600,8600,100,3,35,1205,1,1024,1,1320,2,1131,3,3115,4,1239,5,1155,6,0,0,22800,3,700,1,
675,1,8,1,5800,8500,11400,5800,7000,15500,100,3,80,1359,1,1287,1,1178,2,1185,3,1191,4,1253,5,1206,6,0,0,22800,3,675,1,
20,1,8,1,2600,3800,3800,2400,3600,4800,100,3,25,3070,1,1316,1,1382,2,3059,3,1301,4,1211,5,1139,6,0,0,9640,1,20,1,
102,1,3,1,5600,3400,6700,4700,3900,6200,100,3,115,1132,1,1239,1,3107,2,3121,3,1062,4,3030,5,1007,6,0,0,11200,2,102,1,
901,1,11,1,3000,3600,3800,4300,3800,4500,100,3,10,3132,1,1341,1,1093,2,1298,3,1069,4,1097,5,1169,6,0,0,22800,5,416,1,
902,1,11,1,3500,3200,4700,2800,3800,5000,100,3,65,3044,1,1256,1,1079,2,1380,3,1070,4,1070,5,1108,6,0,0,22800,5,703,1,
903,1,11,1,2800,4100,4100,2000,4500,5500,100,3,31,1196,1,3083,1,1037,2,1350,3,1167,4,1059,5,1051,6,0,0,22800,5,739,1,
904,1,11,1,3300,3000,4500,4000,4000,4200,100,3,41,1190,1,1163,1,1146,2,3116,3,1264,4,1241,5,3074,6,0,0,22800,5,88,1,
905,1,11,1,3900,2500,5100,3800,4000,3700,100,3,104,3122,1,1271,1,1345,2,1024,3,1262,4,1353,5,1050,6,0,0,22800,5,126,1,
817,1,9,1,10000,10000,10000,10000,10000,10000,100,3,44,1175,1,3125,1,1239,2,1322,3,1047,4,1323,5,3032,6,0,0,8804,2,360,1,
818,1,9,1,10000,10000,10000,10000,10000,10000,100,3,110,3048,1,1366,1,3097,2,1328,3,1050,4,1049,5,3133,6,0,0,8804,2,360,1,
819,1,9,1,10000,10000,10000,10000,10000,10000,100,3,77,3101,1,1208,1,1294,2,1329,3,1030,4,3111,5,3047,6,0,0,8804,2,360,1,
820,1,9,1,10000,10000,10000,10000,10000,10000,100,3,111,1014,1,1152,1,1272,2,1359,3,1076,4,1286,5,3088,6,0,0,8804,2,360,1,
821,1,9,1,10000,10000,10000,10000,10000,10000,100,3,30,3048,1,1235,1,1153,2,1237,3,3042,4,1324,5,1262,6,0,0,8804,2,360,1,
822,1,9,1,10000,10000,10000,10000,10000,10000,100,3,99,1039,1,1082,1,1288,2,1165,3,1236,4,3059,5,1137,6,0,0,8804,2,360,1,
823,1,9,1,10000,10000,10000,10000,10000,10000,100,3,47,1048,1,1133,1,1184,2,1316,3,1383,4,1255,5,1015,6,0,0,8804,2,360,1,
824,1,9,1,10000,10000,10000,10000,10000,10000,100,3,50,1074,1,1043,1,3025,2,1191,3,1152,4,1105,5,1155,6,0,0,8804,2,360,1,
814,1,9,1,10000,10000,10000,10000,10000,10000,100,3,20,1346,1,1142,1,1039,2,1103,3,1226,4,1082,5,1278,6,0,0,8804,2,360,1,
815,1,9,1,10000,10000,10000,10000,10000,10000,100,3,94,1132,1,1066,1,1145,2,3103,3,1149,4,1366,5,3003,6,0,0,8804,2,360,1,
816,1,9,1,10000,10000,10000,10000,10000,10000,100,3,3,1247,1,1341,1,1282,2,1291,3,1224,4,1150,5,1050,6,0,0,8804,2,360,1,
910,1,9,1,6000,6700,10800,5000,7000,8500,100,3,27,1113,1,1165,1,1089,2,1303,3,1114,4,1340,5,1254,6,0,0,14800,2,65,1,
911,1,9,1,8800,10000,14700,6000,7000,11000,100,3,76,1267,1,1214,1,3128,2,3021,3,1195,4,3117,5,1076,6,0,0,22800,4,66,1,
912,1,9,1,9800,10500,15500,6000,8500,11700,100,3,22,1366,1,1019,1,1025,2,1021,3,3020,4,1063,5,1343,6,0,0,36800,4,67,1,
190,1,3,1,2100,2900,6000,5300,1800,4400,100,3,92,1008,1,1088,1,1267,2,3043,3,3014,4,3061,5,1141,6,0,0,9640,1,190,1,
191,1,3,1,3900,4200,7200,7000,3200,6000,100,3,55,1048,1,1315,1,1371,2,1192,3,3090,4,1272,5,3044,6,0,0,11200,2,191,1,
192,1,3,1,6200,4500,12000,11300,3500,6500,100,3,94,1128,1,1336,1,1076,2,1375,3,1090,4,3054,5,3047,6,0,0,14800,2,192,1,
193,1,3,1,7700,6000,15800,13500,4500,10000,100,3,74,1054,1,1095,1,1130,2,3024,3,1358,4,3035,5,1119,6,0,0,22800,3,193,1,
328,1,6,1,15000,11000,5000,6000,12000,13000,100,3,41,1128,1,1070,1,1117,2,1075,3,3008,4,1078,5,3020,6,0,0,36800,4,328,1,
