id,nameId,itemType?,sortValue,buyPrice,sellPrice,inBattle,inOverworld,unk8,effectType,effectValue,farmEffect1,farmValue1,farmEffect2,farmValue2,medalId?,medalRarity,medalUnk1,medalPrice,empty2?,keisukeSkin,takumiSkin,amiSkin,skinFlag,descriptionId,iconId,unk29
1,1,0,3,100,20,1,1,4000,0,250,-1,0,-1,0,-1,-1,-1,0,0,"","","",0,1,1,10
2,2,0,4,400,80,1,1,4001,0,750,-1,0,-1,0,-1,-1,-1,0,0,"","","",0,2,1,0
3,3,0,5,900,180,1,1,4002,7,100,-1,0,-1,0,-1,-1,-1,0,0,"","","",0,3,1,0
4,4,0,6,1000,200,1,1,4003,0,500,-1,0,-1,0,-1,-1,-1,0,0,"","","",0,4,3,0
5,5,0,7,2000,400,1,1,4004,0,1000,-1,0,-1,0,-1,-1,-1,0,0,"","","",0,5,3,0
6,6,0,8,3000,600,1,1,4005,7,100,-1,0,-1,0,-1,-1,-1,0,0,"","","",0,6,3,0
7,7,0,9,300,60,1,1,4006,1,30,-1,0,-1,0,-1,-1,-1,0,0,"","","",0,7,2,0
8,8,0,10,1000,200,1,1,4007,1,90,-1,0,-1,0,-1,-1,-1,0,0,"","","",0,8,2,0
9,9,0,11,2000,400,1,1,4008,8,100,-1,0,-1,0,-1,-1,-1,0,0,"","","",0,9,2,0
10,10,0,12,2500,500,1,1,4009,1,60,-1,0,-1,0,-1,-1,-1,0,0,"","","",0,10,4,0
11,11,0,13,5000,500,1,1,4010,8,100,-1,0,-1,0,-1,-1,-1,0,0,"","","",0,11,4,0
12,12,0,14,5000,500,1,1,4011,6,50,-1,0,-1,0,-1,-1,-1,0,0,"","","",0,12,5,0
13,13,0,15,10000,2000,1,1,4012,6,100,-1,0,-1,0,-1,-1,-1,0,0,"","","",0,13,5,0
14,14,0,16,150,30,1,0,4013,-1,0,-1,0,-1,0,-1,-1,-1,0,0,"","","",0,14,6,0
15,15,0,17,150,30,1,0,4014,-1,0,-1,0,-1,0,-1,-1,-1,0,0,"","","",0,15,7,0
16,16,0,18,150,30,1,0,4015,-1,0,-1,0,-1,0,-1,-1,-1,0,0,"","","",0,16,8,0
17,17,0,19,150,30,1,0,4016,-1,0,-1,0,-1,0,-1,-1,-1,0,0,"","","",0,17,9,0
18,18,0,20,150,30,1,0,4017,-1,0,-1,0,-1,0,-1,-1,-1,0,0,"","","",0,18,10,0
19,19,0,21,150,30,1,0,4018,-1,0,-1,0,-1,0,-1,-1,-1,0,0,"","","",0,19,11,0
20,20,0,22,150,30,1,0,4019,-1,0,-1,0,-1,0,-1,-1,-1,0,0,"","","",0,20,12,0
21,21,0,23,800,160,1,0,4020,-1,0,-1,0,-1,0,-1,-1,-1,0,0,"","","",0,21,13,0
22,22,0,24,2500,500,1,0,4021,-1,0,-1,0,-1,0,-1,-1,-1,0,0,"","","",0,22,14,0
23,23,0,25,1500,300,1,0,4022,-1,0,-1,0,-1,0,-1,-1,-1,0,0,"","","",0,23,15,0
24,24,0,26,3500,700,1,0,4023,-1,0,-1,0,-1,0,-1,-1,-1,0,0,"","","",0,24,15,0
25,25,0,27,7500,1500,1,0,4024,-1,0,-1,0,-1,0,-1,-1,-1,0,0,"","","",0,25,16,0
26,26,0,28,1000,200,1,0,4025,-1,0,-1,0,-1,0,-1,-1,-1,0,0,"","","",0,26,17,0
27,27,0,29,1000,200,1,0,4026,-1,0,-1,0,-1,0,-1,-1,-1,0,0,"","","",0,27,17,0
28,28,0,30,1000,200,1,0,4027,-1,0,-1,0,-1,0,-1,-1,-1,0,0,"","","",0,28,17,0
29,29,0,31,1000,200,1,0,4028,-1,0,-1,0,-1,0,-1,-1,-1,0,0,"","","",0,29,17,0
30,30,0,32,1000,200,1,0,4029,-1,0,-1,0,-1,0,-1,-1,-1,0,0,"","","",0,30,17,0
31,31,0,33,1000,200,1,0,4030,-1,0,-1,0,-1,0,-1,-1,-1,0,0,"","","",0,31,17,0
32,32,0,34,1000,200,1,0,4031,-1,0,-1,0,-1,0,-1,-1,-1,0,0,"","","",0,32,17,0
33,33,0,35,250,50,1,0,4032,-1,0,-1,0,-1,0,-1,-1,-1,0,0,"","","",0,33,18,0
50,50,0,38,-1,10,0,1,0,2,25000,-1,0,-1,0,-1,-1,-1,0,0,"","","",0,50,19,0
51,51,0,39,-1,10,0,1,0,2,50000,-1,0,-1,0,-1,-1,-1,0,0,"","","",0,51,19,0
52,52,0,40,-1,10,0,1,0,2,100000,-1,0,-1,0,-1,-1,-1,0,0,"","","",0,52,19,0
53,53,0,41,-1,10,0,1,0,2,200000,-1,0,-1,0,-1,-1,-1,0,0,"","","",0,53,19,0
54,54,0,42,-1,10,0,1,0,2,400000,-1,0,-1,0,-1,-1,-1,0,0,"","","",0,54,19,0
55,55,0,43,-1,10,0,1,0,3,10,-1,0,-1,0,-1,-1,-1,0,0,"","","",0,55,20,0
56,56,0,44,-1,10,0,1,0,3,25,-1,0,-1,0,-1,-1,-1,0,0,"","","",0,56,20,0
57,57,0,36,800,160,0,1,0,4,0,-1,0,-1,0,-1,-1,-1,0,0,"","","",0,57,18,0
58,58,0,37,350,70,0,1,0,9,0,-1,0,-1,0,-1,-1,-1,0,0,"","","",0,58,18,0
60,60,0,81,-1,-1,0,0,0,-1,0,-1,0,-1,0,-1,-1,-1,0,0,"","","",0,60,21,0
61,61,0,82,-1,-1,0,0,0,-1,0,-1,0,-1,0,-1,-1,-1,0,0,"","","",0,61,21,0
62,62,0,83,-1,-1,0,0,0,-1,0,-1,0,-1,0,-1,-1,-1,0,0,"","","",0,62,21,0
63,63,0,84,-1,-1,0,0,0,-1,0,-1,0,-1,0,-1,-1,-1,0,0,"","","",0,63,21,0
64,64,0,85,-1,-1,0,0,0,-1,0,-1,0,-1,0,-1,-1,-1,0,0,"","","",0,64,21,0
65,65,0,86,-1,-1,0,0,0,-1,0,-1,0,-1,0,-1,-1,-1,0,0,"","","",0,65,21,0
66,66,0,87,-1,-1,0,0,0,-1,0,-1,0,-1,0,-1,-1,-1,0,0,"","","",0,66,21,0
67,67,0,88,-1,-1,0,0,0,-1,0,-1,0,-1,0,-1,-1,-1,0,0,"","","",0,67,21,0
68,68,0,89,-1,-1,0,0,0,-1,0,-1,0,-1,0,-1,-1,-1,0,0,"","","",0,68,21,0
69,69,0,90,-1,-1,0,0,0,-1,0,-1,0,-1,0,-1,-1,-1,0,0,"","","",0,69,21,0
70,70,0,71,2500,500,0,0,0,-1,0,-1,0,-1,0,-1,-1,-1,0,0,"","","",0,70,22,0
71,71,0,72,4000,800,0,0,0,-1,0,-1,0,-1,0,-1,-1,-1,0,0,"","","",0,71,22,0
72,72,0,73,6500,1300,0,0,0,-1,0,-1,0,-1,0,-1,-1,-1,0,0,"","","",0,72,22,0
73,73,0,74,10000,2000,0,0,0,-1,0,-1,0,-1,0,-1,-1,-1,0,0,"","","",0,73,22,0
74,74,0,75,17500,3500,0,0,0,-1,0,-1,0,-1,0,-1,-1,-1,0,0,"","","",0,74,22,0
75,75,0,76,30000,6000,0,0,0,-1,0,-1,0,-1,0,-1,-1,-1,0,0,"","","",0,75,22,0
76,76,0,77,50000,10000,0,0,0,-1,0,-1,0,-1,0,-1,-1,-1,0,0,"","","",0,76,22,0
77,77,0,78,90000,18000,0,0,0,-1,0,-1,0,-1,0,-1,-1,-1,0,0,"","","",0,77,22,0
78,78,0,79,150000,30000,0,0,0,-1,0,-1,0,-1,0,-1,-1,-1,0,0,"","","",0,78,22,0
79,79,0,80,250000,50000,0,0,0,-1,0,-1,0,-1,0,-1,-1,-1,0,0,"","","",0,79,22,0
90,90,0,1,-1,-1,0,1,0,5,5,-1,0,-1,0,-1,-1,-1,0,0,"","","",0,90,25,0
91,91,0,2,-1,-1,0,1,0,5,10,-1,0,-1,0,-1,-1,-1,0,0,"","","",0,91,25,0
100,100,0,45,2500,500,0,1,0,10,0,-1,0,-1,0,-1,-1,-1,0,0,"","","",0,100,23,0
101,101,0,46,2500,500,0,1,0,11,0,-1,0,-1,0,-1,-1,-1,0,0,"","","",0,101,23,0
102,102,0,47,2500,500,0,1,0,12,0,-1,0,-1,0,-1,-1,-1,0,0,"","","",0,102,23,0
103,103,0,48,2500,500,0,1,0,13,0,-1,0,-1,0,-1,-1,-1,0,0,"","","",0,103,23,0
104,104,0,49,2500,500,0,1,0,14,0,-1,0,-1,0,-1,-1,-1,0,0,"","","",0,104,23,0
105,105,0,50,2500,500,0,1,0,15,0,-1,0,-1,0,-1,-1,-1,0,0,"","","",0,105,23,0
106,106,0,51,2500,500,0,1,0,16,0,-1,0,-1,0,-1,-1,-1,0,0,"","","",0,106,23,0
107,107,0,52,2500,500,0,1,0,17,0,-1,0,-1,0,-1,-1,-1,0,0,"","","",0,107,23,0
110,110,0,53,100,10,0,1,0,20,100,-1,0,-1,0,-1,-1,-1,0,0,"","","",0,110,24,0
111,111,0,54,1000,100,0,1,0,20,1000,-1,0,-1,0,-1,-1,-1,0,0,"","","",0,111,24,0
112,112,0,55,10000,1000,0,1,0,20,10000,-1,0,-1,0,-1,-1,-1,0,0,"","","",0,112,24,0
113,113,0,56,100,10,0,1,0,21,100,-1,0,-1,0,-1,-1,-1,0,0,"","","",0,113,24,0
114,114,0,57,1000,100,0,1,0,21,1000,-1,0,-1,0,-1,-1,-1,0,0,"","","",0,114,24,0
115,115,0,58,10000,1000,0,1,0,21,10000,-1,0,-1,0,-1,-1,-1,0,0,"","","",0,115,24,0
116,116,0,59,100,10,0,1,0,22,100,-1,0,-1,0,-1,-1,-1,0,0,"","","",0,116,24,0
117,117,0,60,1000,100,0,1,0,22,1000,-1,0,-1,0,-1,-1,-1,0,0,"","","",0,117,24,0
118,118,0,61,10000,1000,0,1,0,22,10000,-1,0,-1,0,-1,-1,-1,0,0,"","","",0,118,24,0
119,119,0,62,100,10,0,1,0,23,100,-1,0,-1,0,-1,-1,-1,0,0,"","","",0,119,24,0
120,120,0,63,1000,100,0,1,0,23,1000,-1,0,-1,0,-1,-1,-1,0,0,"","","",0,120,24,0
121,121,0,64,10000,1000,0,1,0,23,10000,-1,0,-1,0,-1,-1,-1,0,0,"","","",0,121,24,0
122,122,0,65,100,10,0,1,0,24,100,-1,0,-1,0,-1,-1,-1,0,0,"","","",0,122,24,0
123,123,0,66,1000,100,0,1,0,24,1000,-1,0,-1,0,-1,-1,-1,0,0,"","","",0,123,24,0
124,124,0,67,10000,1000,0,1,0,24,10000,-1,0,-1,0,-1,-1,-1,0,0,"","","",0,124,24,0
125,125,0,68,100,10,0,1,0,25,100,-1,0,-1,0,-1,-1,-1,0,0,"","","",0,125,24,0
126,126,0,69,1000,100,0,1,0,25,1000,-1,0,-1,0,-1,-1,-1,0,0,"","","",0,126,24,0
127,127,0,70,10000,1000,0,1,0,25,10000,-1,0,-1,0,-1,-1,-1,0,0,"","","",0,127,24,0
200,200,0,200,5000,10,0,0,0,-1,0,-1,0,-1,0,-1,-1,-1,0,0,"","","",0,200,103,0
201,201,0,201,10000,10,0,0,0,-1,0,-1,0,-1,0,-1,-1,-1,0,0,"","","",0,201,104,0
202,202,0,202,100000,10,0,0,0,-1,0,-1,0,-1,0,-1,-1,-1,0,0,"","","",0,202,105,0
203,203,0,203,100000,10,0,0,0,-1,0,-1,0,-1,0,-1,-1,-1,0,0,"","","",0,203,106,0
204,204,0,204,100000,10,0,0,0,-1,0,-1,0,-1,0,-1,-1,-1,0,0,"","","",0,204,107,0
205,205,0,205,100000,10,0,0,0,-1,0,-1,0,-1,0,-1,-1,-1,0,0,"","","",0,205,108,0
206,206,0,206,100000,10,0,0,0,-1,0,-1,0,-1,0,-1,-1,-1,0,0,"","","",0,206,109,0
207,207,0,207,100000,10,0,0,0,-1,0,-1,0,-1,0,-1,-1,-1,0,0,"","","",0,207,110,0
208,208,0,208,1000000,10,0,0,0,-1,0,-1,0,-1,0,-1,-1,-1,0,0,"","","",0,208,111,0
209,209,0,209,0,10,1,0,4036,-1,0,-1,0,-1,0,-1,-1,-1,0,0,"","","",0,209,17,0
210,210,0,210,0,10,0,1,0,3,100,-1,0,-1,0,-1,-1,-1,0,0,"","","",0,210,20,0
211,211,0,211,0,100000,0,0,0,-1,0,-1,0,-1,0,-1,-1,-1,0,0,"","","",0,211,22,0
212,212,0,212,0,10,1,1,4037,6,100,-1,0,-1,0,-1,-1,-1,0,0,"","","",0,212,5,0
213,213,0,213,0,10,1,0,4038,-1,0,-1,0,-1,0,-1,-1,-1,0,0,"","","",0,213,17,0
214,214,0,214,0,10,0,1,0,2,8000000,-1,0,-1,0,-1,-1,-1,0,0,"","","",0,214,19,0
215,215,0,215,0,100000,0,0,0,-1,0,-1,0,-1,0,-1,-1,-1,0,0,"","","",0,215,22,0
216,216,0,216,-1,-1,1,1,4043,6,100,-1,0,-1,0,-1,-1,-1,0,0,"","","",0,216,1,0
217,217,0,217,-1,-1,1,1,4044,6,100,-1,0,-1,0,-1,-1,-1,0,0,"","","",0,217,1,0
218,218,0,218,-1,-1,1,1,4045,6,100,-1,0,-1,0,-1,-1,-1,0,0,"","","",0,218,1,0
219,219,0,219,-1,-1,1,1,4046,6,100,-1,0,-1,0,-1,-1,-1,0,0,"","","",0,219,1,0
220,220,0,220,-1,-1,1,1,4047,6,100,-1,0,-1,0,-1,-1,-1,0,0,"","","",0,220,1,0
221,221,0,221,-1,-1,1,1,4048,6,100,-1,0,-1,0,-1,-1,-1,0,0,"","","",0,221,1,0
222,222,0,222,-1,-1,1,1,4049,6,100,-1,0,-1,0,-1,-1,-1,0,0,"","","",0,222,1,0
223,223,0,223,-1,-1,1,1,4050,6,100,-1,0,-1,0,-1,-1,-1,0,0,"","","",0,223,1,0
224,224,0,224,-1,-1,1,1,4051,6,100,-1,0,-1,0,-1,-1,-1,0,0,"","","",0,224,1,0
225,225,0,225,-1,-1,1,1,4052,6,100,-1,0,-1,0,-1,-1,-1,0,0,"","","",0,225,1,0
226,226,0,226,-1,-1,1,1,4053,6,100,-1,0,-1,0,-1,-1,-1,0,0,"","","",0,226,1,0
227,227,0,227,-1,-1,1,1,4054,6,100,-1,0,-1,0,-1,-1,-1,0,0,"","","",0,227,1,0
228,228,0,228,-1,-1,1,1,4055,6,100,-1,0,-1,0,-1,-1,-1,0,0,"","","",0,228,1,0
229,229,0,229,-1,-1,1,1,4056,6,100,-1,0,-1,0,-1,-1,-1,0,0,"","","",0,229,1,0
230,230,0,230,-1,-1,1,1,4057,6,100,-1,0,-1,0,-1,-1,-1,0,0,"","","",0,230,1,0
501,501,2,501,20000,4000,0,0,0,-1,0,0,155,0,0,-1,-1,-1,0,0,"","","",0,501,26,20
502,502,2,502,20000,4000,0,0,0,-1,0,1,155,0,0,-1,-1,-1,0,0,"","","",0,502,26,0
503,503,2,503,20000,4000,0,0,0,-1,0,2,155,0,0,-1,-1,-1,0,0,"","","",0,503,26,0
504,504,2,504,20000,4000,0,0,0,-1,0,3,155,0,0,-1,-1,-1,0,0,"","","",0,504,26,0
505,505,2,505,20000,4000,0,0,0,-1,0,4,155,0,0,-1,-1,-1,0,0,"","","",0,505,26,0
506,506,2,506,20000,4000,0,0,0,-1,0,5,155,0,0,-1,-1,-1,0,0,"","","",0,506,26,0
507,507,2,507,23000,4600,0,0,0,-1,0,6,155,0,0,-1,-1,-1,0,0,"","","",0,507,26,0
508,508,2,508,23000,4600,0,0,0,-1,0,7,155,0,0,-1,-1,-1,0,0,"","","",0,508,26,0
509,509,2,509,23000,4600,0,0,0,-1,0,8,155,0,0,-1,-1,-1,0,0,"","","",0,509,26,0
520,520,2,520,25000,5000,0,0,0,-1,0,20,55,0,0,-1,-1,-1,0,0,"","","",0,520,26,0
521,521,2,521,25000,5000,0,0,0,-1,0,21,15,0,0,-1,-1,-1,0,0,"","","",0,521,26,0
522,522,2,522,30000,6000,0,0,0,-1,0,10,30,0,0,-1,-1,-1,0,0,"","","",0,522,26,0
523,523,2,523,30000,6000,0,0,0,-1,0,11,30,0,0,-1,-1,-1,0,0,"","","",0,523,26,0
524,524,2,524,30000,6000,0,0,0,-1,0,12,30,0,0,-1,-1,-1,0,0,"","","",0,524,26,0
525,525,2,525,30000,6000,0,0,0,-1,0,13,30,0,0,-1,-1,-1,0,0,"","","",0,525,26,0
526,526,2,526,30000,6000,0,0,0,-1,0,14,30,0,0,-1,-1,-1,0,0,"","","",0,526,26,0
527,527,2,527,30000,6000,0,0,0,-1,0,15,30,0,0,-1,-1,-1,0,0,"","","",0,527,26,0
528,528,2,528,80000,16000,0,0,0,-1,0,10,70,0,0,-1,-1,-1,0,0,"","","",0,528,26,0
529,529,2,529,80000,16000,0,0,0,-1,0,11,70,0,0,-1,-1,-1,0,0,"","","",0,529,26,0
530,530,2,530,80000,16000,0,0,0,-1,0,12,70,0,0,-1,-1,-1,0,0,"","","",0,530,26,0
531,531,2,531,80000,16000,0,0,0,-1,0,13,70,0,0,-1,-1,-1,0,0,"","","",0,531,26,0
532,532,2,532,80000,16000,0,0,0,-1,0,14,70,0,0,-1,-1,-1,0,0,"","","",0,532,26,0
533,533,2,533,80000,16000,0,0,0,-1,0,15,70,0,0,-1,-1,-1,0,0,"","","",0,533,26,0
534,534,2,534,100000,20000,0,0,0,-1,0,10,180,0,0,-1,-1,-1,0,0,"","","",0,534,26,0
535,535,2,535,100000,20000,0,0,0,-1,0,11,180,0,0,-1,-1,-1,0,0,"","","",0,535,26,0
536,536,2,536,100000,20000,0,0,0,-1,0,12,180,0,0,-1,-1,-1,0,0,"","","",0,536,26,0
537,537,2,537,100000,20000,0,0,0,-1,0,13,180,0,0,-1,-1,-1,0,0,"","","",0,537,26,0
538,538,2,538,100000,20000,0,0,0,-1,0,14,180,0,0,-1,-1,-1,0,0,"","","",0,538,26,0
539,539,2,539,100000,20000,0,0,0,-1,0,15,180,0,0,-1,-1,-1,0,0,"","","",0,539,26,0
601,601,3,601,-1,-1,0,0,0,-1,0,-1,0,-1,0,-1,-1,-1,0,0,"","","",0,601,101,30
602,602,3,602,-1,-1,0,0,0,-1,0,-1,0,-1,0,-1,-1,-1,0,0,"","","",0,602,101,0
603,603,3,603,-1,-1,0,0,0,-1,0,-1,0,-1,0,-1,-1,-1,0,0,"","","",0,603,101,0
604,604,3,604,-1,-1,0,0,0,-1,0,-1,0,-1,0,-1,-1,-1,0,0,"","","",0,604,101,0
605,605,3,605,-1,-1,0,0,0,-1,0,-1,0,-1,0,-1,-1,-1,0,0,"","","",0,605,101,0
606,606,3,606,-1,-1,0,0,0,-1,0,-1,0,-1,0,-1,-1,-1,0,0,"","","",0,606,101,0
607,607,3,607,-1,-1,0,0,0,-1,0,-1,0,-1,0,-1,-1,-1,0,0,"","","",0,607,101,0
608,608,3,608,-1,-1,0,0,0,-1,0,-1,0,-1,0,-1,-1,-1,0,0,"","","",0,608,101,0
609,609,3,609,-1,-1,0,0,0,-1,0,-1,0,-1,0,-1,-1,-1,0,0,"","","",0,609,101,0
610,610,3,610,-1,-1,0,0,0,-1,0,-1,0,-1,0,-1,-1,-1,0,0,"","","",0,610,101,0
611,611,3,611,-1,-1,0,0,0,-1,0,-1,0,-1,0,-1,-1,-1,0,0,"","","",0,611,101,0
612,612,3,612,-1,-1,0,0,0,-1,0,-1,0,-1,0,-1,-1,-1,0,0,"","","",0,612,101,0
613,613,3,613,-1,-1,0,0,0,-1,0,-1,0,-1,0,-1,-1,-1,0,0,"","","",0,613,101,0
614,614,3,614,-1,-1,0,0,0,-1,0,-1,0,-1,0,-1,-1,-1,0,0,"","","",0,614,101,0
615,615,3,615,-1,-1,0,0,0,-1,0,-1,0,-1,0,-1,-1,-1,0,0,"","","",0,615,101,0
616,616,3,616,-1,-1,0,0,0,-1,0,-1,0,-1,0,-1,-1,-1,0,0,"","","",0,616,101,0
617,617,3,617,-1,-1,0,0,0,-1,0,-1,0,-1,0,-1,-1,-1,0,0,"","","",0,617,101,0
618,618,3,618,-1,-1,0,0,0,-1,0,-1,0,-1,0,-1,-1,-1,0,0,"","","",0,618,101,0
619,619,3,619,-1,-1,0,0,0,-1,0,-1,0,-1,0,-1,-1,-1,0,0,"","","",0,619,101,0
620,620,3,620,-1,-1,0,0,0,-1,0,-1,0,-1,0,-1,-1,-1,0,0,"","","",0,620,101,0
621,621,3,621,-1,-1,0,0,0,-1,0,-1,0,-1,0,-1,-1,-1,0,0,"","","",0,621,101,0
622,622,3,622,-1,-1,0,0,0,-1,0,-1,0,-1,0,-1,-1,-1,0,0,"","","",0,622,101,0
623,623,3,623,-1,-1,0,0,0,-1,0,-1,0,-1,0,-1,-1,-1,0,0,"","","",0,623,101,0
624,624,3,624,-1,-1,0,0,0,-1,0,-1,0,-1,0,-1,-1,-1,0,0,"","","",0,624,101,0
625,625,3,625,-1,-1,0,0,0,-1,0,-1,0,-1,0,-1,-1,-1,0,0,"","","",0,625,101,0
626,626,3,626,-1,-1,0,0,0,-1,0,-1,0,-1,0,-1,-1,-1,0,0,"","","",0,626,101,0
627,627,3,630,-1,-1,0,0,0,-1,0,-1,0,-1,0,-1,-1,-1,0,0,"","","",0,627,101,0
628,628,3,628,-1,-1,0,0,0,-1,0,-1,0,-1,0,-1,-1,-1,0,0,"","","",0,628,101,0
629,629,3,632,-1,-1,0,0,0,-1,0,-1,0,-1,0,-1,-1,-1,0,0,"","","",0,629,101,0
630,630,3,627,-1,-1,0,0,0,-1,0,-1,0,-1,0,-1,-1,-1,0,0,"","","",0,630,101,0
631,631,3,629,-1,-1,0,0,0,-1,0,-1,0,-1,0,-1,-1,-1,0,0,"","","",0,631,101,0
632,632,3,631,-1,-1,0,0,0,-1,0,-1,0,-1,0,-1,-1,-1,0,0,"","","",0,632,101,0
633,633,3,633,-1,-1,0,0,0,-1,0,-1,0,-1,0,-1,-1,-1,0,0,"","","",0,633,101,0
634,634,3,634,-1,-1,0,0,0,-1,0,-1,0,-1,0,-1,-1,-1,0,0,"","","",0,634,101,0
635,635,3,635,-1,-1,0,0,0,-1,0,-1,0,-1,0,-1,-1,-1,0,0,"","","",0,635,101,0
636,636,3,636,-1,-1,0,0,0,-1,0,-1,0,-1,0,-1,-1,-1,0,0,"","","",0,636,101,0
637,637,3,637,-1,-1,0,0,0,-1,0,-1,0,-1,0,-1,-1,-1,0,0,"","","",0,637,101,0
638,638,3,638,-1,-1,0,0,0,-1,0,-1,0,-1,0,-1,-1,-1,0,0,"","","",0,638,101,0
639,639,3,639,-1,-1,0,0,0,-1,0,-1,0,-1,0,-1,-1,-1,0,0,"","","",0,639,101,0
640,640,3,640,-1,-1,0,0,0,-1,0,-1,0,-1,0,-1,-1,-1,0,0,"","","",0,640,101,0
641,641,3,641,-1,-1,0,0,0,-1,0,-1,0,-1,0,-1,-1,-1,0,0,"","","",0,641,101,0
642,642,3,642,-1,-1,0,0,0,-1,0,-1,0,-1,0,-1,-1,-1,0,0,"","","",0,642,101,0
643,643,3,643,-1,-1,0,0,0,-1,0,-1,0,-1,0,-1,-1,-1,0,0,"","","",0,643,101,0
644,644,3,644,-1,-1,0,0,0,-1,0,-1,0,-1,0,-1,-1,-1,0,0,"","","",0,644,101,0
645,645,3,645,-1,-1,0,0,0,-1,0,-1,0,-1,0,-1,-1,-1,0,0,"","","",0,645,101,0
646,646,3,646,-1,-1,0,0,0,-1,0,-1,0,-1,0,-1,-1,-1,0,0,"","","",0,646,101,0
647,647,3,647,-1,-1,0,0,0,-1,0,-1,0,-1,0,-1,-1,-1,0,0,"","","",0,647,101,0
648,648,3,648,-1,-1,0,0,0,-1,0,-1,0,-1,0,-1,-1,-1,0,0,"","","",0,648,101,0
649,649,3,649,-1,-1,0,0,0,-1,0,-1,0,-1,0,-1,-1,-1,0,0,"","","",0,649,101,0
650,650,3,650,-1,-1,0,0,0,-1,0,-1,0,-1,0,-1,-1,-1,0,0,"","","",0,650,101,0
651,651,3,651,-1,-1,0,0,0,-1,0,-1,0,-1,0,-1,-1,-1,0,0,"","","",0,651,101,0
652,652,3,652,-1,-1,0,0,0,-1,0,-1,0,-1,0,-1,-1,-1,0,0,"","","",0,652,101,0
653,653,3,653,-1,-1,0,0,0,-1,0,-1,0,-1,0,-1,-1,-1,0,0,"","","",0,653,101,0
654,654,3,654,-1,-1,0,0,0,-1,0,-1,0,-1,0,-1,-1,-1,0,0,"","","",0,654,101,0
655,655,3,655,-1,-1,0,0,0,-1,0,-1,0,-1,0,-1,-1,-1,0,0,"","","",0,655,101,0
656,656,3,656,-1,-1,0,0,0,-1,0,-1,0,-1,0,-1,-1,-1,0,0,"","","",0,656,101,0
657,657,3,657,-1,-1,0,0,0,-1,0,-1,0,-1,0,-1,-1,-1,0,0,"","","",0,657,101,0
658,658,3,658,-1,-1,0,0,0,-1,0,-1,0,-1,0,-1,-1,-1,0,0,"","","",0,658,101,0
659,659,3,659,-1,-1,0,0,0,-1,0,-1,0,-1,0,-1,-1,-1,0,0,"","","",0,659,101,0
660,660,3,660,-1,-1,0,0,0,-1,0,-1,0,-1,0,-1,-1,-1,0,0,"","","",0,660,101,0
661,661,3,661,-1,-1,0,0,0,-1,0,-1,0,-1,0,-1,-1,-1,0,0,"","","",0,661,101,0
662,662,3,662,-1,-1,0,0,0,-1,0,-1,0,-1,0,-1,-1,-1,0,0,"","","",0,662,101,0
663,663,3,663,-1,-1,0,0,0,-1,0,-1,0,-1,0,-1,-1,-1,0,0,"","","",0,663,101,0
664,664,3,664,-1,-1,0,0,0,-1,0,-1,0,-1,0,-1,-1,-1,0,0,"","","",0,664,101,0
665,665,3,665,-1,-1,0,0,0,-1,0,-1,0,-1,0,-1,-1,-1,0,0,"","","",0,665,101,0
666,666,3,666,-1,-1,0,0,0,-1,0,-1,0,-1,0,-1,-1,-1,0,0,"","","",0,666,101,0
667,667,3,667,-1,-1,0,0,0,-1,0,-1,0,-1,0,-1,-1,-1,0,0,"","","",0,667,101,0
668,668,3,668,-1,-1,0,0,0,-1,0,-1,0,-1,0,-1,-1,-1,0,0,"","","",0,668,101,0
669,669,3,669,-1,-1,0,0,0,-1,0,-1,0,-1,0,-1,-1,-1,0,0,"","","",0,669,101,0
670,670,3,670,-1,-1,0,0,0,-1,0,-1,0,-1,0,-1,-1,-1,0,0,"","","",0,670,101,0
671,671,3,671,-1,-1,0,0,0,-1,0,-1,0,-1,0,-1,-1,-1,0,0,"","","",0,671,101,0
672,672,3,672,-1,-1,0,0,0,-1,0,-1,0,-1,0,-1,-1,-1,0,0,"","","",0,672,101,0
673,673,3,673,-1,-1,0,0,0,-1,0,-1,0,-1,0,-1,-1,-1,0,0,"","","",0,673,101,0
674,674,3,674,-1,-1,0,0,0,-1,0,-1,0,-1,0,-1,-1,-1,0,0,"","","",0,674,101,0
675,675,3,675,-1,-1,0,0,0,-1,0,-1,0,-1,0,-1,-1,-1,0,0,"","","",0,675,101,0
676,676,3,676,-1,-1,0,0,0,-1,0,-1,0,-1,0,-1,-1,-1,0,0,"","","",0,676,101,0
677,677,3,677,-1,-1,0,0,0,-1,0,-1,0,-1,0,-1,-1,-1,0,0,"","","",0,677,101,0
678,678,3,678,-1,-1,0,0,0,-1,0,-1,0,-1,0,-1,-1,-1,0,0,"","","",0,678,101,0
679,679,3,679,-1,-1,0,0,0,-1,0,-1,0,-1,0,-1,-1,-1,0,0,"","","",0,679,101,0
680,680,3,680,-1,-1,0,0,0,-1,0,-1,0,-1,0,-1,-1,-1,0,0,"","","",0,680,101,0
681,681,3,681,-1,-1,0,0,0,-1,0,-1,0,-1,0,-1,-1,-1,0,0,"","","",0,681,101,0
682,682,3,682,-1,-1,0,0,0,-1,0,-1,0,-1,0,-1,-1,-1,0,0,"","","",0,682,101,0
683,683,3,683,-1,-1,0,0,0,-1,0,-1,0,-1,0,-1,-1,-1,0,0,"","","",0,683,101,0
684,684,3,684,-1,-1,0,0,0,-1,0,-1,0,-1,0,-1,-1,-1,0,0,"","","",0,684,101,0
685,685,3,685,-1,-1,0,0,0,-1,0,-1,0,-1,0,-1,-1,-1,0,0,"","","",0,685,101,0
686,686,3,686,-1,-1,0,0,0,-1,0,-1,0,-1,0,-1,-1,-1,0,0,"","","",0,686,101,0
687,687,3,687,-1,-1,0,0,0,-1,0,-1,0,-1,0,-1,-1,-1,0,0,"","","",0,687,101,0
688,688,3,688,-1,-1,0,0,0,-1,0,-1,0,-1,0,-1,-1,-1,0,0,"","","",0,688,101,0
689,689,3,689,-1,-1,0,0,0,-1,0,-1,0,-1,0,-1,-1,-1,0,0,"","","",0,689,101,0
690,690,3,690,-1,-1,0,0,0,-1,0,-1,0,-1,0,-1,-1,-1,0,0,"","","",0,690,101,0
691,691,3,691,-1,-1,0,0,0,-1,0,-1,0,-1,0,-1,-1,-1,0,0,"","","",0,691,101,0
692,692,3,692,-1,-1,0,0,0,-1,0,-1,0,-1,0,-1,-1,-1,0,0,"","","",0,692,101,0
693,693,3,693,-1,-1,0,0,0,-1,0,-1,0,-1,0,-1,-1,-1,0,0,"","","",0,693,101,0
694,694,3,694,-1,-1,0,0,0,-1,0,-1,0,-1,0,-1,-1,-1,0,0,"","","",0,694,101,0
695,695,3,695,-1,-1,0,0,0,-1,0,-1,0,-1,0,-1,-1,-1,0,0,"","","",0,695,101,0
696,696,3,696,-1,-1,0,0,0,-1,0,-1,0,-1,0,-1,-1,-1,0,0,"","","",0,696,101,0
697,697,3,697,-1,-1,0,0,0,-1,0,-1,0,-1,0,-1,-1,-1,0,0,"","","",0,697,101,0
698,698,3,698,-1,-1,0,0,0,-1,0,-1,0,-1,0,-1,-1,-1,0,0,"","","",0,698,101,0
699,699,3,699,-1,-1,0,0,0,-1,0,-1,0,-1,0,-1,-1,-1,0,0,"","","",0,699,101,0
700,700,3,700,-1,-1,0,0,0,-1,0,-1,0,-1,0,-1,-1,-1,0,0,"","","",0,700,101,0
701,701,3,702,-1,-1,0,0,0,-1,0,-1,0,-1,0,-1,-1,-1,0,0,"","","",0,701,101,0
702,702,3,701,-1,-1,0,0,0,-1,0,-1,0,-1,0,-1,-1,-1,0,0,"","","",0,702,101,0
703,703,3,703,-1,-1,0,0,0,-1,0,-1,0,-1,0,-1,-1,-1,0,0,"","","",0,703,101,0
801,801,3,801,-1,-1,0,0,0,-1,0,-1,0,-1,0,-1,-1,-1,0,0,"","pc001","pc002",0,801,101,0
802,802,3,802,-1,-1,0,0,0,-1,0,-1,0,-1,0,-1,-1,-1,0,0,"pc020","","",0,802,101,0
803,803,3,803,-1,-1,0,0,0,-1,0,-1,0,-1,0,-1,-1,-1,0,0,"pc021","pc007","pc008",0,803,101,0
804,804,3,804,2000,-1,0,0,0,-1,0,-1,0,-1,0,-1,-1,-1,0,0,"pc301","pc101","pc201",10701,804,101,0
805,805,3,805,2000,-1,0,0,0,-1,0,-1,0,-1,0,-1,-1,-1,0,0,"pc328","pc128","pc228",10702,805,101,0
806,806,3,806,2000,-1,0,0,0,-1,0,-1,0,-1,0,-1,-1,-1,0,0,"pc302","pc102","pc202",10703,806,101,0
807,807,3,807,2000,-1,0,0,0,-1,0,-1,0,-1,0,-1,-1,-1,0,0,"pc303","pc103","pc203",10704,807,101,0
808,808,3,808,2000,-1,0,0,0,-1,0,-1,0,-1,0,-1,-1,-1,0,0,"pc304","pc104","pc204",10705,808,101,0
809,809,3,809,2000,-1,0,0,0,-1,0,-1,0,-1,0,-1,-1,-1,0,0,"pc305","pc105","pc205",10706,809,101,0
810,810,3,810,2000,-1,0,0,0,-1,0,-1,0,-1,0,-1,-1,-1,0,0,"pc306","pc106","pc206",10707,810,101,0
811,811,3,811,4000,-1,0,0,0,-1,0,-1,0,-1,0,-1,-1,-1,0,0,"pc307","pc107","pc207",10708,811,101,0
812,812,3,812,4000,-1,0,0,0,-1,0,-1,0,-1,0,-1,-1,-1,0,0,"pc308","pc108","pc208",10709,812,101,0
813,813,3,813,4000,-1,0,0,0,-1,0,-1,0,-1,0,-1,-1,-1,0,0,"pc309","pc109","pc209",10710,813,101,0
814,814,3,814,4000,-1,0,0,0,-1,0,-1,0,-1,0,-1,-1,-1,0,0,"pc310","pc110","pc210",10711,814,101,0
815,815,3,815,4000,-1,0,0,0,-1,0,-1,0,-1,0,-1,-1,-1,0,0,"pc311","pc111","pc211",10712,815,101,0
816,816,3,816,4000,-1,0,0,0,-1,0,-1,0,-1,0,-1,-1,-1,0,0,"pc312","pc112","pc212",10713,816,101,0
817,817,3,817,4000,-1,0,0,0,-1,0,-1,0,-1,0,-1,-1,-1,0,0,"pc313","pc113","pc213",10714,817,101,0
818,818,3,818,4000,-1,0,0,0,-1,0,-1,0,-1,0,-1,-1,-1,0,0,"pc314","pc114","pc214",10715,818,101,0
819,819,3,819,2000,-1,0,0,0,-1,0,-1,0,-1,0,-1,-1,-1,0,0,"pc315","pc115","pc215",10716,819,101,0
820,820,3,820,2000,-1,0,0,0,-1,0,-1,0,-1,0,-1,-1,-1,0,0,"pc316","pc116","pc216",10717,820,101,0
821,821,3,821,2000,-1,0,0,0,-1,0,-1,0,-1,0,-1,-1,-1,0,0,"pc317","pc117","pc217",10718,821,101,0
822,822,3,822,2000,-1,0,0,0,-1,0,-1,0,-1,0,-1,-1,-1,0,0,"pc318","pc118","pc218",10719,822,101,0
823,823,3,823,2000,-1,0,0,0,-1,0,-1,0,-1,0,-1,-1,-1,0,0,"pc319","pc119","pc219",10720,823,101,0
824,824,3,824,2000,-1,0,0,0,-1,0,-1,0,-1,0,-1,-1,-1,0,0,"pc320","pc120","pc220",10721,824,101,0
825,825,3,825,2000,-1,0,0,0,-1,0,-1,0,-1,0,-1,-1,-1,0,0,"pc321","pc121","pc221",10722,825,101,0
826,826,3,826,2000,-1,0,0,0,-1,0,-1,0,-1,0,-1,-1,-1,0,0,"pc322","pc122","pc222",10723,826,101,0
827,827,3,827,2000,-1,0,0,0,-1,0,-1,0,-1,0,-1,-1,-1,0,0,"pc323","pc123","pc223",10724,827,101,0
828,828,3,828,2000,-1,0,0,0,-1,0,-1,0,-1,0,-1,-1,-1,0,0,"pc324","pc124","pc224",10725,828,101,0
829,829,3,829,2000,-1,0,0,0,-1,0,-1,0,-1,0,-1,-1,-1,0,0,"pc325","pc125","pc225",10726,829,101,0
830,830,3,830,2000,-1,0,0,0,-1,0,-1,0,-1,0,-1,-1,-1,0,0,"pc326","pc126","pc226",10727,830,101,0
831,831,3,831,2000,-1,0,0,0,-1,0,-1,0,-1,0,-1,-1,-1,0,0,"pc327","pc127","pc227",10728,831,101,0
832,832,3,832,2000,-1,0,0,0,-1,0,-1,0,-1,0,-1,-1,-1,0,0,"pc329","pc129","pc229",10729,832,101,0
833,833,3,833,2000,-1,0,0,0,-1,0,-1,0,-1,0,-1,-1,-1,0,0,"pc330","pc130","pc230",10730,833,101,0
834,834,3,834,2000,-1,0,0,0,-1,0,-1,0,-1,0,-1,-1,-1,0,0,"pc331","pc131","pc231",10731,834,101,0
835,835,3,835,2000,-1,0,0,0,-1,0,-1,0,-1,0,-1,-1,-1,0,0,"pc332","pc132","pc232",10732,835,101,0
836,836,3,836,2000,-1,0,0,0,-1,0,-1,0,-1,0,-1,-1,-1,0,0,"pc333","pc133","pc233",10733,836,101,0
837,837,3,837,2000,-1,0,0,0,-1,0,-1,0,-1,0,-1,-1,-1,0,0,"pc334","pc134","pc234",10734,837,101,0
838,838,3,838,2000,-1,0,0,0,-1,0,-1,0,-1,0,-1,-1,-1,0,0,"pc335","pc135","pc235",10735,838,101,0
839,839,3,839,2000,-1,0,0,0,-1,0,-1,0,-1,0,-1,-1,-1,0,0,"pc336","pc136","pc236",10736,839,101,0
840,840,3,840,2000,-1,0,0,0,-1,0,-1,0,-1,0,-1,-1,-1,0,0,"pc337","pc137","pc237",10737,840,101,0
841,841,3,841,6000,-1,0,0,0,-1,0,-1,0,-1,0,-1,-1,-1,0,0,"pc338","pc138","pc238",10738,841,101,0
842,842,3,842,6000,-1,0,0,0,-1,0,-1,0,-1,0,-1,-1,-1,0,0,"pc341","pc141","pc241",10739,842,101,0
843,843,3,843,6000,-1,0,0,0,-1,0,-1,0,-1,0,-1,-1,-1,0,0,"pc340","pc140","pc240",10740,843,101,0
844,844,3,844,6000,-1,0,0,0,-1,0,-1,0,-1,0,-1,-1,-1,0,0,"pc339","pc139","pc239",10741,844,101,0
845,845,3,845,-1,-1,0,0,0,-1,0,-1,0,-1,0,-1,-1,-1,0,0,"pc342","pc142","pc242",10742,845,101,0
901,901,3,902,-1,-1,0,0,0,-1,0,-1,0,-1,0,-1,-1,-1,0,0,"","","",0,901,101,0
902,902,3,903,-1,-1,0,0,0,-1,0,-1,0,-1,0,-1,-1,-1,0,0,"","","",0,902,101,0
903,903,3,905,-1,-1,0,0,0,-1,0,-1,0,-1,0,-1,-1,-1,0,0,"","","",0,903,101,0
904,904,3,901,-1,-1,0,0,0,-1,0,-1,0,-1,0,-1,-1,-1,0,0,"","","",0,904,101,0
905,905,3,904,-1,-1,0,0,0,-1,0,-1,0,-1,0,-1,-1,-1,0,0,"","","",0,905,101,0
906,906,3,906,-1,-1,0,0,0,-1,0,-1,0,-1,0,-1,-1,-1,0,0,"","","",0,906,101,0
907,907,3,907,-1,-1,0,0,0,-1,0,-1,0,-1,0,-1,-1,-1,0,0,"","","",0,907,101,0
908,908,3,908,-1,-1,0,0,0,-1,0,-1,0,-1,0,-1,-1,-1,0,0,"","","",0,908,101,0
909,909,3,909,-1,-1,0,0,0,-1,0,-1,0,-1,0,-1,-1,-1,0,0,"","","",0,909,101,0
910,910,3,910,-1,-1,0,0,0,-1,0,-1,0,-1,0,-1,-1,-1,0,0,"","","",0,910,101,0
911,911,3,911,-1,-1,0,0,0,-1,0,-1,0,-1,0,-1,-1,-1,0,0,"","","",0,911,101,0
912,912,3,912,-1,-1,0,0,0,-1,0,-1,0,-1,0,-1,-1,-1,0,0,"","","",0,912,101,0
913,913,3,913,-1,-1,0,0,0,-1,0,-1,0,-1,0,-1,-1,-1,0,0,"","","",0,913,101,0
914,914,3,914,-1,-1,0,0,0,-1,0,-1,0,-1,0,-1,-1,-1,0,0,"","","",0,914,101,0
915,915,3,915,-1,-1,0,0,0,-1,0,-1,0,-1,0,-1,-1,-1,0,0,"","","",0,915,101,0
916,916,3,916,-1,-1,0,0,0,-1,0,-1,0,-1,0,-1,-1,-1,0,0,"","","",0,916,101,0
917,917,3,917,-1,-1,0,0,0,-1,0,-1,0,-1,0,-1,-1,-1,0,0,"","","",0,917,101,0
918,918,3,918,-1,-1,0,0,0,-1,0,-1,0,-1,0,-1,-1,-1,0,0,"","","",0,918,101,0
919,919,3,919,-1,-1,0,0,0,-1,0,-1,0,-1,0,-1,-1,-1,0,0,"","","",0,919,101,0
920,920,3,920,-1,-1,0,0,0,-1,0,-1,0,-1,0,-1,-1,-1,0,0,"","","",0,920,101,0
921,921,3,921,-1,-1,0,0,0,-1,0,-1,0,-1,0,-1,-1,-1,0,0,"","","",0,921,101,0
922,922,3,922,-1,-1,0,0,0,-1,0,-1,0,-1,0,-1,-1,-1,0,0,"","","",0,922,101,0
923,923,3,923,-1,-1,0,0,0,-1,0,-1,0,-1,0,-1,-1,-1,0,0,"","","",0,923,101,0
924,924,3,924,-1,-1,0,0,0,-1,0,-1,0,-1,0,-1,-1,-1,0,0,"","","",0,924,101,0
925,925,3,925,-1,-1,0,0,0,-1,0,-1,0,-1,0,-1,-1,-1,0,0,"","","",0,925,101,0
926,926,3,926,-1,-1,0,0,0,-1,0,-1,0,-1,0,-1,-1,-1,0,0,"","","",0,926,101,0
927,927,3,927,-1,-1,0,0,0,-1,0,-1,0,-1,0,-1,-1,-1,0,0,"","","",0,927,101,0
928,928,3,928,-1,-1,0,0,0,-1,0,-1,0,-1,0,-1,-1,-1,0,0,"","","",0,928,101,0
929,929,3,929,-1,-1,0,0,0,-1,0,-1,0,-1,0,-1,-1,-1,0,0,"","","",0,929,101,0
930,930,3,930,-1,-1,0,0,0,-1,0,-1,0,-1,0,-1,-1,-1,0,0,"","","",0,930,101,0
931,931,3,931,-1,-1,0,0,0,-1,0,-1,0,-1,0,-1,-1,-1,0,0,"","","",0,931,101,0
932,932,3,932,-1,-1,0,0,0,-1,0,-1,0,-1,0,-1,-1,-1,0,0,"","","",0,932,101,0
933,933,3,933,-1,-1,0,0,0,-1,0,-1,0,-1,0,-1,-1,-1,0,0,"","","",0,933,101,0
934,934,3,934,-1,-1,0,0,0,-1,0,-1,0,-1,0,-1,-1,-1,0,0,"","","",0,934,101,0
935,935,3,935,-1,-1,0,0,0,-1,0,-1,0,-1,0,-1,-1,-1,0,0,"","","",0,935,101,0
936,936,3,936,-1,-1,0,0,0,-1,0,-1,0,-1,0,-1,-1,-1,0,0,"","","",0,936,101,0
1001,1001,4,1001,5000,-1,0,0,0,-1,0,-1,0,-1,0,1001,4,1,5,0,"","","",0,1001,27,40
1002,1002,4,1002,500,-1,0,0,0,-1,0,-1,0,-1,0,1002,2,0,3,0,"","","",0,1002,27,0
1003,1003,4,1003,500,-1,0,0,0,-1,0,-1,0,-1,0,1003,2,0,3,0,"","","",0,1003,27,0
1004,1004,4,1004,5000,-1,0,0,0,-1,0,-1,0,-1,0,1004,4,0,5,0,"","","",0,1004,27,0
1005,1005,4,1005,200,-1,0,0,0,-1,0,-1,0,-1,0,1005,1,0,2,0,"","","",0,1005,27,0
1006,1006,4,1006,200,-1,0,0,0,-1,0,-1,0,-1,0,1006,1,0,2,0,"","","",0,1006,27,0
1007,1007,4,1007,200,-1,0,0,0,-1,0,-1,0,-1,0,1007,1,0,2,0,"","","",0,1007,27,0
1008,1008,4,1008,1000,-1,0,0,0,-1,0,-1,0,-1,0,1008,3,0,4,0,"","","",0,1008,27,0
1009,1009,4,1009,1000,-1,0,0,0,-1,0,-1,0,-1,0,1009,3,0,4,0,"","","",0,1009,27,0
1010,1010,4,1010,1000,-1,0,0,0,-1,0,-1,0,-1,0,1010,3,0,4,0,"","","",0,1010,27,0
1011,1011,4,1011,5000,-1,0,0,0,-1,0,-1,0,-1,0,1011,4,1,5,0,"","","",0,1011,27,0
1012,1012,4,1012,1000,-1,0,0,0,-1,0,-1,0,-1,0,1012,3,0,4,0,"","","",0,1012,27,0
1013,1013,4,1013,5000,-1,0,0,0,-1,0,-1,0,-1,0,1013,4,1,5,0,"","","",0,1013,27,0
1014,1014,4,1014,5000,-1,0,0,0,-1,0,-1,0,-1,0,1014,4,1,5,0,"","","",0,1014,27,0
1015,1015,4,1015,5000,-1,0,0,0,-1,0,-1,0,-1,0,1015,4,1,5,0,"","","",0,1015,27,0
1016,1016,4,1016,1000,-1,0,0,0,-1,0,-1,0,-1,0,1016,3,0,4,0,"","","",0,1016,27,0
1017,1017,4,1017,5000,-1,0,0,0,-1,0,-1,0,-1,0,1017,4,1,5,0,"","","",0,1017,27,0
1018,1018,4,1018,5000,-1,0,0,0,-1,0,-1,0,-1,0,1018,4,0,5,0,"","","",0,1018,27,0
1019,1019,4,1019,30000,-1,0,0,0,-1,0,-1,0,-1,0,1019,5,1,6,0,"","","",0,1019,27,0
1020,1020,4,1020,30000,-1,0,0,0,-1,0,-1,0,-1,0,1020,5,1,6,0,"","","",0,1020,27,0
1021,1021,4,1021,30000,-1,0,0,0,-1,0,-1,0,-1,0,1021,5,1,6,0,"","","",0,1021,27,0
1022,1022,4,1022,5000,-1,0,0,0,-1,0,-1,0,-1,0,1022,4,0,5,0,"","","",0,1022,27,0
1023,1023,4,1023,200,-1,0,0,0,-1,0,-1,0,-1,0,1023,1,0,2,0,"","","",0,1023,27,0
1024,1024,4,1024,500,-1,0,0,0,-1,0,-1,0,-1,0,1024,2,0,3,0,"","","",0,1024,27,0
1025,1025,4,1025,500,-1,0,0,0,-1,0,-1,0,-1,0,1025,2,0,3,0,"","","",0,1025,27,0
1026,1026,4,1026,1000,-1,0,0,0,-1,0,-1,0,-1,0,1026,3,0,4,0,"","","",0,1026,27,0
1027,1027,4,1027,5000,-1,0,0,0,-1,0,-1,0,-1,0,1027,4,1,5,0,"","","",0,1027,27,0
1028,1028,4,1028,500,-1,0,0,0,-1,0,-1,0,-1,0,1028,2,0,3,0,"","","",0,1028,27,0
1029,1029,4,1029,5000,-1,0,0,0,-1,0,-1,0,-1,0,1029,4,1,5,0,"","","",0,1029,27,0
1030,1030,4,1030,500,-1,0,0,0,-1,0,-1,0,-1,0,1030,2,0,3,0,"","","",0,1030,27,0
1031,1031,4,1031,500,-1,0,0,0,-1,0,-1,0,-1,0,1031,2,0,3,0,"","","",0,1031,27,0
1032,1032,4,1032,1000,-1,0,0,0,-1,0,-1,0,-1,0,1032,3,0,4,0,"","","",0,1032,27,0
1033,1033,4,1033,1000,-1,0,0,0,-1,0,-1,0,-1,0,1033,3,0,4,0,"","","",0,1033,27,0
1034,1034,4,1034,1000,-1,0,0,0,-1,0,-1,0,-1,0,1034,3,0,4,0,"","","",0,1034,27,0
1035,1035,4,1035,200,-1,0,0,0,-1,0,-1,0,-1,0,1035,1,0,2,0,"","","",0,1035,27,0
1036,1036,4,1036,5000,-1,0,0,0,-1,0,-1,0,-1,0,1036,4,1,5,0,"","","",0,1036,27,0
1037,1037,4,1037,5000,-1,0,0,0,-1,0,-1,0,-1,0,1037,4,1,5,0,"","","",0,1037,27,0
1038,1038,4,1038,5000,-1,0,0,0,-1,0,-1,0,-1,0,1038,4,1,5,0,"","","",0,1038,27,0
1039,1039,4,1039,5000,-1,0,0,0,-1,0,-1,0,-1,0,1039,4,1,5,0,"","","",0,1039,27,0
1040,1040,4,1040,1000,-1,0,0,0,-1,0,-1,0,-1,0,1040,3,0,4,0,"","","",0,1040,27,0
1041,1041,4,1041,5000,-1,0,0,0,-1,0,-1,0,-1,0,1041,4,1,5,0,"","","",0,1041,27,0
1042,1042,4,1042,1000,-1,0,0,0,-1,0,-1,0,-1,0,1042,3,0,4,0,"","","",0,1042,27,0
1043,1043,4,1043,1000,-1,0,0,0,-1,0,-1,0,-1,0,1043,3,0,4,0,"","","",0,1043,27,0
1044,1044,4,1044,500,-1,0,0,0,-1,0,-1,0,-1,0,1044,2,0,3,0,"","","",0,1044,27,0
1045,1045,4,1045,500,-1,0,0,0,-1,0,-1,0,-1,0,1045,2,0,3,0,"","","",0,1045,27,0
1046,1046,4,1046,5000,-1,0,0,0,-1,0,-1,0,-1,0,1046,4,1,5,0,"","","",0,1046,27,0
1047,1047,4,1047,5000,-1,0,0,0,-1,0,-1,0,-1,0,1047,4,1,5,0,"","","",0,1047,27,0
1048,1048,4,1048,500,-1,0,0,0,-1,0,-1,0,-1,0,1048,2,0,3,0,"","","",0,1048,27,0
1049,1049,4,1049,5000,-1,0,0,0,-1,0,-1,0,-1,0,1049,4,1,5,0,"","","",0,1049,27,0
1050,1050,4,1050,5000,-1,0,0,0,-1,0,-1,0,-1,0,1050,4,1,5,0,"","","",0,1050,27,0
1051,1051,4,1051,5000,-1,0,0,0,-1,0,-1,0,-1,0,1051,4,0,5,0,"","","",0,1051,27,0
1052,1052,4,1052,500,-1,0,0,0,-1,0,-1,0,-1,0,1052,2,0,3,0,"","","",0,1052,27,0
1053,1053,4,1053,100,-1,0,0,0,-1,0,-1,0,-1,0,1053,0,0,1,0,"","","",0,1053,27,0
1054,1054,4,1054,5000,-1,0,0,0,-1,0,-1,0,-1,0,1054,4,0,5,0,"","","",0,1054,27,0
1055,1055,4,1055,5000,-1,0,0,0,-1,0,-1,0,-1,0,1055,4,1,5,0,"","","",0,1055,27,0
1056,1056,4,1056,500,-1,0,0,0,-1,0,-1,0,-1,0,1056,2,0,3,0,"","","",0,1056,27,0
1057,1057,4,1057,1000,-1,0,0,0,-1,0,-1,0,-1,0,1057,3,0,4,0,"","","",0,1057,27,0
1058,1058,4,1058,30000,-1,0,0,0,-1,0,-1,0,-1,0,1058,5,1,6,0,"","","",0,1058,27,0
1059,1059,4,1059,1000,-1,0,0,0,-1,0,-1,0,-1,0,1059,3,0,4,0,"","","",0,1059,27,0
1060,1060,4,1060,500,-1,0,0,0,-1,0,-1,0,-1,0,1060,2,0,3,0,"","","",0,1060,27,0
1061,1061,4,1061,1000,-1,0,0,0,-1,0,-1,0,-1,0,1061,3,0,4,0,"","","",0,1061,27,0
1062,1062,4,1062,500,-1,0,0,0,-1,0,-1,0,-1,0,1062,2,0,3,0,"","","",0,1062,27,0
1063,1063,4,1063,200,-1,0,0,0,-1,0,-1,0,-1,0,1063,1,0,2,0,"","","",0,1063,27,0
1064,1064,4,1064,5000,-1,0,0,0,-1,0,-1,0,-1,0,1064,4,1,5,0,"","","",0,1064,27,0
1065,1065,4,1065,200,-1,0,0,0,-1,0,-1,0,-1,0,1065,1,0,2,0,"","","",0,1065,27,0
1066,1066,4,1066,1000,-1,0,0,0,-1,0,-1,0,-1,0,1066,3,0,4,0,"","","",0,1066,27,0
1067,1067,4,1067,500,-1,0,0,0,-1,0,-1,0,-1,0,1067,2,0,3,0,"","","",0,1067,27,0
1068,1068,4,1068,5000,-1,0,0,0,-1,0,-1,0,-1,0,1068,4,1,5,0,"","","",0,1068,27,0
1069,1069,4,1069,5000,-1,0,0,0,-1,0,-1,0,-1,0,1069,4,1,5,0,"","","",0,1069,27,0
1070,1070,4,1070,5000,-1,0,0,0,-1,0,-1,0,-1,0,1070,4,1,5,0,"","","",0,1070,27,0
1071,1071,4,1071,5000,-1,0,0,0,-1,0,-1,0,-1,0,1071,4,1,5,0,"","","",0,1071,27,0
1072,1072,4,1072,5000,-1,0,0,0,-1,0,-1,0,-1,0,1072,4,1,5,0,"","","",0,1072,27,0
1073,1073,4,1073,5000,-1,0,0,0,-1,0,-1,0,-1,0,1073,4,1,5,0,"","","",0,1073,27,0
1074,1074,4,1074,5000,-1,0,0,0,-1,0,-1,0,-1,0,1074,4,1,5,0,"","","",0,1074,27,0
1075,1075,4,1075,5000,-1,0,0,0,-1,0,-1,0,-1,0,1075,4,1,5,0,"","","",0,1075,27,0
1076,1076,4,1076,5000,-1,0,0,0,-1,0,-1,0,-1,0,1076,4,1,5,0,"","","",0,1076,27,0
1077,1077,4,1077,5000,-1,0,0,0,-1,0,-1,0,-1,0,1077,4,1,5,0,"","","",0,1077,27,0
1078,1078,4,1078,5000,-1,0,0,0,-1,0,-1,0,-1,0,1078,4,1,5,0,"","","",0,1078,27,0
1079,1079,4,1079,500,-1,0,0,0,-1,0,-1,0,-1,0,1079,2,0,3,0,"","","",0,1079,27,0
1080,1080,4,1080,1000,-1,0,0,0,-1,0,-1,0,-1,0,1080,3,0,4,0,"","","",0,1080,27,0
1081,1081,4,1081,500,-1,0,0,0,-1,0,-1,0,-1,0,1081,2,0,3,0,"","","",0,1081,27,0
1082,1082,4,1082,5000,-1,0,0,0,-1,0,-1,0,-1,0,1082,4,1,5,0,"","","",0,1082,27,0
1083,1083,4,1083,200,-1,0,0,0,-1,0,-1,0,-1,0,1083,1,0,2,0,"","","",0,1083,27,0
1084,1084,4,1084,5000,-1,0,0,0,-1,0,-1,0,-1,0,1084,4,1,5,0,"","","",0,1084,27,0
1085,1085,4,1085,5000,-1,0,0,0,-1,0,-1,0,-1,0,1085,4,1,5,0,"","","",0,1085,27,0
1086,1086,4,1086,500,-1,0,0,0,-1,0,-1,0,-1,0,1086,2,0,3,0,"","","",0,1086,27,0
1087,1087,4,1087,30000,-1,0,0,0,-1,0,-1,0,-1,0,1087,5,1,6,0,"","","",0,1087,27,0
1088,1088,4,1088,30000,-1,0,0,0,-1,0,-1,0,-1,0,1088,5,1,6,0,"","","",0,1088,27,0
1089,1089,4,1089,30000,-1,0,0,0,-1,0,-1,0,-1,0,1089,5,1,6,0,"","","",0,1089,27,0
1090,1090,4,1090,500,-1,0,0,0,-1,0,-1,0,-1,0,1090,2,0,3,0,"","","",0,1090,27,0
1091,1091,4,1091,500,-1,0,0,0,-1,0,-1,0,-1,0,1091,2,0,3,0,"","","",0,1091,27,0
1092,1092,4,1092,5000,-1,0,0,0,-1,0,-1,0,-1,0,1092,4,1,5,0,"","","",0,1092,27,0
1093,1093,4,1093,5000,-1,0,0,0,-1,0,-1,0,-1,0,1093,4,0,5,0,"","","",0,1093,27,0
1094,1094,4,1094,5000,-1,0,0,0,-1,0,-1,0,-1,0,1094,4,0,5,0,"","","",0,1094,27,0
1095,1095,4,1095,500,-1,0,0,0,-1,0,-1,0,-1,0,1095,2,0,3,0,"","","",0,1095,27,0
1096,1096,4,1096,5000,-1,0,0,0,-1,0,-1,0,-1,0,1096,4,1,5,0,"","","",0,1096,27,0
1097,1097,4,1097,5000,-1,0,0,0,-1,0,-1,0,-1,0,1097,4,1,5,0,"","","",0,1097,27,0
1098,1098,4,1098,5000,-1,0,0,0,-1,0,-1,0,-1,0,1098,4,1,5,0,"","","",0,1098,27,0
1099,1099,4,1099,200,-1,0,0,0,-1,0,-1,0,-1,0,1099,1,0,2,0,"","","",0,1099,27,0
1100,1100,4,1100,200,-1,0,0,0,-1,0,-1,0,-1,0,1100,1,0,2,0,"","","",0,1100,27,0
1101,1101,4,1101,500,-1,0,0,0,-1,0,-1,0,-1,0,1101,2,0,3,0,"","","",0,1101,27,0
1102,1102,4,1102,200,-1,0,0,0,-1,0,-1,0,-1,0,1102,1,0,2,0,"","","",0,1102,27,0
1103,1103,4,1103,100,-1,0,0,0,-1,0,-1,0,-1,0,1103,0,0,1,0,"","","",0,1103,27,0
1104,1104,4,1104,200,-1,0,0,0,-1,0,-1,0,-1,0,1104,1,0,2,0,"","","",0,1104,27,0
1105,1105,4,1105,500,-1,0,0,0,-1,0,-1,0,-1,0,1105,2,0,3,0,"","","",0,1105,27,0
1106,1106,4,1106,1000,-1,0,0,0,-1,0,-1,0,-1,0,1106,3,0,4,0,"","","",0,1106,27,0
1107,1107,4,1107,500,-1,0,0,0,-1,0,-1,0,-1,0,1107,2,0,3,0,"","","",0,1107,27,0
1108,1108,4,1108,1000,-1,0,0,0,-1,0,-1,0,-1,0,1108,3,0,4,0,"","","",0,1108,27,0
1109,1109,4,1109,5000,-1,0,0,0,-1,0,-1,0,-1,0,1109,4,0,5,0,"","","",0,1109,27,0
1110,1110,4,1110,5000,-1,0,0,0,-1,0,-1,0,-1,0,1110,4,0,5,0,"","","",0,1110,27,0
1111,1111,4,1111,500,-1,0,0,0,-1,0,-1,0,-1,0,1111,2,0,3,0,"","","",0,1111,27,0
1112,1112,4,1112,500,-1,0,0,0,-1,0,-1,0,-1,0,1112,2,0,3,0,"","","",0,1112,27,0
1113,1113,4,1113,30000,-1,0,0,0,-1,0,-1,0,-1,0,1113,5,1,6,0,"","","",0,1113,27,0
1114,1114,4,1114,500,-1,0,0,0,-1,0,-1,0,-1,0,1114,2,0,3,0,"","","",0,1114,27,0
1115,1115,4,1115,5000,-1,0,0,0,-1,0,-1,0,-1,0,1115,4,0,5,0,"","","",0,1115,27,0
1116,1116,4,1116,1000,-1,0,0,0,-1,0,-1,0,-1,0,1116,3,0,4,0,"","","",0,1116,27,0
1117,1117,4,1117,100,-1,0,0,0,-1,0,-1,0,-1,0,1117,0,0,1,0,"","","",0,1117,27,0
1118,1118,4,1118,200,-1,0,0,0,-1,0,-1,0,-1,0,1118,1,0,2,0,"","","",0,1118,27,0
1119,1119,4,1119,1000,-1,0,0,0,-1,0,-1,0,-1,0,1119,3,0,4,0,"","","",0,1119,27,0
1120,1120,4,1120,1000,-1,0,0,0,-1,0,-1,0,-1,0,1120,3,0,4,0,"","","",0,1120,27,0
1121,1121,4,1121,1000,-1,0,0,0,-1,0,-1,0,-1,0,1121,3,0,4,0,"","","",0,1121,27,0
1122,1122,4,1122,200,-1,0,0,0,-1,0,-1,0,-1,0,1122,1,0,2,0,"","","",0,1122,27,0
1123,1123,4,1123,500,-1,0,0,0,-1,0,-1,0,-1,0,1123,2,0,3,0,"","","",0,1123,27,0
1124,1124,4,1124,200,-1,0,0,0,-1,0,-1,0,-1,0,1124,1,0,2,0,"","","",0,1124,27,0
1125,1125,4,1125,1000,-1,0,0,0,-1,0,-1,0,-1,0,1125,3,0,4,0,"","","",0,1125,27,0
1126,1126,4,1126,5000,-1,0,0,0,-1,0,-1,0,-1,0,1126,4,1,5,0,"","","",0,1126,27,0
1127,1127,4,1127,5000,-1,0,0,0,-1,0,-1,0,-1,0,1127,4,0,5,0,"","","",0,1127,27,0
1128,1128,4,1128,5000,-1,0,0,0,-1,0,-1,0,-1,0,1128,4,1,5,0,"","","",0,1128,27,0
1129,1129,4,1129,200,-1,0,0,0,-1,0,-1,0,-1,0,1129,1,0,2,0,"","","",0,1129,27,0
1130,1130,4,1130,200,-1,0,0,0,-1,0,-1,0,-1,0,1130,1,0,2,0,"","","",0,1130,27,0
1131,1131,4,1131,100,-1,0,0,0,-1,0,-1,0,-1,0,1131,0,0,1,0,"","","",0,1131,27,0
1132,1132,4,1132,500,-1,0,0,0,-1,0,-1,0,-1,0,1132,2,0,3,0,"","","",0,1132,27,0
1133,1133,4,1133,1000,-1,0,0,0,-1,0,-1,0,-1,0,1133,3,0,4,0,"","","",0,1133,27,0
1134,1134,4,1134,500,-1,0,0,0,-1,0,-1,0,-1,0,1134,2,0,3,0,"","","",0,1134,27,0
1135,1135,4,1135,100,-1,0,0,0,-1,0,-1,0,-1,0,1135,0,0,1,0,"","","",0,1135,27,0
1136,1136,4,1136,5000,-1,0,0,0,-1,0,-1,0,-1,0,1136,4,1,5,0,"","","",0,1136,27,0
1137,1137,4,1137,5000,-1,0,0,0,-1,0,-1,0,-1,0,1137,4,1,5,0,"","","",0,1137,27,0
1138,1138,4,1138,5000,-1,0,0,0,-1,0,-1,0,-1,0,1138,4,1,5,0,"","","",0,1138,27,0
1139,1139,4,1139,500,-1,0,0,0,-1,0,-1,0,-1,0,1139,2,0,3,0,"","","",0,1139,27,0
1140,1140,4,1140,5000,-1,0,0,0,-1,0,-1,0,-1,0,1140,4,1,5,0,"","","",0,1140,27,0
1141,1141,4,1141,100,-1,0,0,0,-1,0,-1,0,-1,0,1141,0,0,1,0,"","","",0,1141,27,0
1142,1142,4,1142,1000,-1,0,0,0,-1,0,-1,0,-1,0,1142,3,0,4,0,"","","",0,1142,27,0
1143,1143,4,1143,500,-1,0,0,0,-1,0,-1,0,-1,0,1143,2,0,3,0,"","","",0,1143,27,0
1144,1144,4,1144,500,-1,0,0,0,-1,0,-1,0,-1,0,1144,2,0,3,0,"","","",0,1144,27,0
1145,1145,4,1145,1000,-1,0,0,0,-1,0,-1,0,-1,0,1145,3,0,4,0,"","","",0,1145,27,0
1146,1146,4,1146,30000,-1,0,0,0,-1,0,-1,0,-1,0,1146,5,1,6,0,"","","",0,1146,27,0
1147,1147,4,1147,5000,-1,0,0,0,-1,0,-1,0,-1,0,1147,4,1,5,0,"","","",0,1147,27,0
1148,1148,4,1148,500,-1,0,0,0,-1,0,-1,0,-1,0,1148,2,0,3,0,"","","",0,1148,27,0
1149,1149,4,1149,5000,-1,0,0,0,-1,0,-1,0,-1,0,1149,4,0,5,0,"","","",0,1149,27,0
1150,1150,4,1150,500,-1,0,0,0,-1,0,-1,0,-1,0,1150,2,0,3,0,"","","",0,1150,27,0
1151,1151,4,1151,1000,-1,0,0,0,-1,0,-1,0,-1,0,1151,3,0,4,0,"","","",0,1151,27,0
1152,1152,4,1152,500,-1,0,0,0,-1,0,-1,0,-1,0,1152,2,0,3,0,"","","",0,1152,27,0
1153,1153,4,1153,500,-1,0,0,0,-1,0,-1,0,-1,0,1153,2,0,3,0,"","","",0,1153,27,0
1154,1154,4,1154,200,-1,0,0,0,-1,0,-1,0,-1,0,1154,1,0,2,0,"","","",0,1154,27,0
1155,1155,4,1155,5000,-1,0,0,0,-1,0,-1,0,-1,0,1155,4,1,5,0,"","","",0,1155,27,0
1156,1156,4,1156,5000,-1,0,0,0,-1,0,-1,0,-1,0,1156,4,1,5,0,"","","",0,1156,27,0
1157,1157,4,1157,5000,-1,0,0,0,-1,0,-1,0,-1,0,1157,4,1,5,0,"","","",0,1157,27,0
1158,1158,4,1158,500,-1,0,0,0,-1,0,-1,0,-1,0,1158,2,0,3,0,"","","",0,1158,27,0
1159,1159,4,1159,500,-1,0,0,0,-1,0,-1,0,-1,0,1159,2,0,3,0,"","","",0,1159,27,0
1160,1160,4,1160,5000,-1,0,0,0,-1,0,-1,0,-1,0,1160,4,0,5,0,"","","",0,1160,27,0
1161,1161,4,1161,500,-1,0,0,0,-1,0,-1,0,-1,0,1161,2,0,3,0,"","","",0,1161,27,0
1162,1162,4,1162,500,-1,0,0,0,-1,0,-1,0,-1,0,1162,2,0,3,0,"","","",0,1162,27,0
1163,1163,4,1163,200,-1,0,0,0,-1,0,-1,0,-1,0,1163,1,0,2,0,"","","",0,1163,27,0
1164,1164,4,1164,5000,-1,0,0,0,-1,0,-1,0,-1,0,1164,4,1,5,0,"","","",0,1164,27,0
1165,1165,4,1165,200,-1,0,0,0,-1,0,-1,0,-1,0,1165,1,0,2,0,"","","",0,1165,27,0
1166,1166,4,1166,200,-1,0,0,0,-1,0,-1,0,-1,0,1166,1,0,2,0,"","","",0,1166,27,0
1167,1167,4,1167,200,-1,0,0,0,-1,0,-1,0,-1,0,1167,1,0,2,0,"","","",0,1167,27,0
1168,1168,4,1168,200,-1,0,0,0,-1,0,-1,0,-1,0,1168,1,0,2,0,"","","",0,1168,27,0
1169,1169,4,1169,200,-1,0,0,0,-1,0,-1,0,-1,0,1169,1,0,2,0,"","","",0,1169,27,0
1170,1170,4,1170,200,-1,0,0,0,-1,0,-1,0,-1,0,1170,1,0,2,0,"","","",0,1170,27,0
1171,1171,4,1171,200,-1,0,0,0,-1,0,-1,0,-1,0,1171,1,0,2,0,"","","",0,1171,27,0
1172,1172,4,1172,100,-1,0,0,0,-1,0,-1,0,-1,0,1172,0,0,1,0,"","","",0,1172,27,0
1173,1173,4,1173,5000,-1,0,0,0,-1,0,-1,0,-1,0,1173,4,1,5,0,"","","",0,1173,27,0
1174,1174,4,1174,500,-1,0,0,0,-1,0,-1,0,-1,0,1174,2,0,3,0,"","","",0,1174,27,0
1175,1175,4,1175,1000,-1,0,0,0,-1,0,-1,0,-1,0,1175,3,0,4,0,"","","",0,1175,27,0
1176,1176,4,1176,5000,-1,0,0,0,-1,0,-1,0,-1,0,1176,4,1,5,0,"","","",0,1176,27,0
1177,1177,4,1177,5000,-1,0,0,0,-1,0,-1,0,-1,0,1177,4,1,5,0,"","","",0,1177,27,0
1178,1178,4,1178,5000,-1,0,0,0,-1,0,-1,0,-1,0,1178,4,0,5,0,"","","",0,1178,27,0
1179,1179,4,1179,5000,-1,0,0,0,-1,0,-1,0,-1,0,1179,4,0,5,0,"","","",0,1179,27,0
1180,1180,4,1180,5000,-1,0,0,0,-1,0,-1,0,-1,0,1180,4,0,5,0,"","","",0,1180,27,0
1181,1181,4,1181,500,-1,0,0,0,-1,0,-1,0,-1,0,1181,2,0,3,0,"","","",0,1181,27,0
1182,1182,4,1182,1000,-1,0,0,0,-1,0,-1,0,-1,0,1182,3,0,4,0,"","","",0,1182,27,0
1183,1183,4,1183,500,-1,0,0,0,-1,0,-1,0,-1,0,1183,2,0,3,0,"","","",0,1183,27,0
1184,1184,4,1184,500,-1,0,0,0,-1,0,-1,0,-1,0,1184,2,0,3,0,"","","",0,1184,27,0
1185,1185,4,1185,30000,-1,0,0,0,-1,0,-1,0,-1,0,1185,5,1,6,0,"","","",0,1185,27,0
1186,1186,4,1186,500,-1,0,0,0,-1,0,-1,0,-1,0,1186,2,0,3,0,"","","",0,1186,27,0
1187,1187,4,1187,5000,-1,0,0,0,-1,0,-1,0,-1,0,1187,4,1,5,0,"","","",0,1187,27,0
1188,1188,4,1188,500,-1,0,0,0,-1,0,-1,0,-1,0,1188,2,0,3,0,"","","",0,1188,27,0
1189,1189,4,1189,5000,-1,0,0,0,-1,0,-1,0,-1,0,1189,4,1,5,0,"","","",0,1189,27,0
1190,1190,4,1190,5000,-1,0,0,0,-1,0,-1,0,-1,0,1190,4,1,5,0,"","","",0,1190,27,0
1191,1191,4,1191,5000,-1,0,0,0,-1,0,-1,0,-1,0,1191,4,1,5,0,"","","",0,1191,27,0
1192,1192,4,1192,1000,-1,0,0,0,-1,0,-1,0,-1,0,1192,3,0,4,0,"","","",0,1192,27,0
1193,1193,4,1193,1000,-1,0,0,0,-1,0,-1,0,-1,0,1193,3,0,4,0,"","","",0,1193,27,0
1194,1194,4,1194,200,-1,0,0,0,-1,0,-1,0,-1,0,1194,1,0,2,0,"","","",0,1194,27,0
1195,1195,4,1195,5000,-1,0,0,0,-1,0,-1,0,-1,0,1195,4,1,5,0,"","","",0,1195,27,0
1196,1196,4,1196,1000,-1,0,0,0,-1,0,-1,0,-1,0,1196,3,0,4,0,"","","",0,1196,27,0
1197,1197,4,1197,100,-1,0,0,0,-1,0,-1,0,-1,0,1197,0,0,1,0,"","","",0,1197,27,0
1198,1198,4,1198,5000,-1,0,0,0,-1,0,-1,0,-1,0,1198,4,1,5,0,"","","",0,1198,27,0
1199,1199,4,1199,5000,-1,0,0,0,-1,0,-1,0,-1,0,1199,4,0,5,0,"","","",0,1199,27,0
1200,1200,4,1200,5000,-1,0,0,0,-1,0,-1,0,-1,0,1200,4,0,5,0,"","","",0,1200,27,0
1201,1201,4,1201,1000,-1,0,0,0,-1,0,-1,0,-1,0,1201,3,0,4,0,"","","",0,1201,27,0
1202,1202,4,1202,5000,-1,0,0,0,-1,0,-1,0,-1,0,1202,4,1,5,0,"","","",0,1202,27,0
1203,1203,4,1203,1000,-1,0,0,0,-1,0,-1,0,-1,0,1203,3,0,4,0,"","","",0,1203,27,0
1204,1204,4,1204,5000,-1,0,0,0,-1,0,-1,0,-1,0,1204,4,1,5,0,"","","",0,1204,27,0
1205,1205,4,1205,5000,-1,0,0,0,-1,0,-1,0,-1,0,1205,4,1,5,0,"","","",0,1205,27,0
1206,1206,4,1206,5000,-1,0,0,0,-1,0,-1,0,-1,0,1206,4,1,5,0,"","","",0,1206,27,0
1207,1207,4,1207,1000,-1,0,0,0,-1,0,-1,0,-1,0,1207,3,0,4,0,"","","",0,1207,27,0
1208,1208,4,1208,500,-1,0,0,0,-1,0,-1,0,-1,0,1208,2,0,3,0,"","","",0,1208,27,0
1209,1209,4,1209,1000,-1,0,0,0,-1,0,-1,0,-1,0,1209,3,0,4,0,"","","",0,1209,27,0
1210,1210,4,1210,1000,-1,0,0,0,-1,0,-1,0,-1,0,1210,3,0,4,0,"","","",0,1210,27,0
1211,1211,4,1211,5000,-1,0,0,0,-1,0,-1,0,-1,0,1211,4,1,5,0,"","","",0,1211,27,0
1212,1212,4,1212,5000,-1,0,0,0,-1,0,-1,0,-1,0,1212,4,1,5,0,"","","",0,1212,27,0
1213,1213,4,1213,500,-1,0,0,0,-1,0,-1,0,-1,0,1213,2,0,3,0,"","","",0,1213,27,0
1214,1214,4,1214,500,-1,0,0,0,-1,0,-1,0,-1,0,1214,2,0,3,0,"","","",0,1214,27,0
1215,1215,4,1215,5000,-1,0,0,0,-1,0,-1,0,-1,0,1215,4,0,5,0,"","","",0,1215,27,0
1216,1216,4,1216,1000,-1,0,0,0,-1,0,-1,0,-1,0,1216,3,0,4,0,"","","",0,1216,27,0
1217,1217,4,1217,500,-1,0,0,0,-1,0,-1,0,-1,0,1217,2,0,3,0,"","","",0,1217,27,0
1218,1218,4,1218,500,-1,0,0,0,-1,0,-1,0,-1,0,1218,2,0,3,0,"","","",0,1218,27,0
1219,1219,4,1219,5000,-1,0,0,0,-1,0,-1,0,-1,0,1219,4,1,5,0,"","","",0,1219,27,0
1220,1220,4,1220,30000,-1,0,0,0,-1,0,-1,0,-1,0,1220,5,1,6,0,"","","",0,1220,27,0
1221,1221,4,1221,5000,-1,0,0,0,-1,0,-1,0,-1,0,1221,4,1,5,0,"","","",0,1221,27,0
1222,1222,4,1222,5000,-1,0,0,0,-1,0,-1,0,-1,0,1222,4,0,5,0,"","","",0,1222,27,0
1223,1223,4,1223,5000,-1,0,0,0,-1,0,-1,0,-1,0,1223,4,0,5,0,"","","",0,1223,27,0
1224,1224,4,1224,5000,-1,0,0,0,-1,0,-1,0,-1,0,1224,4,1,5,0,"","","",0,1224,27,0
1225,1225,4,1225,5000,-1,0,0,0,-1,0,-1,0,-1,0,1225,4,1,5,0,"","","",0,1225,27,0
1226,1226,4,1226,500,-1,0,0,0,-1,0,-1,0,-1,0,1226,2,0,3,0,"","","",0,1226,27,0
1227,1227,4,1227,500,-1,0,0,0,-1,0,-1,0,-1,0,1227,2,0,3,0,"","","",0,1227,27,0
1228,1228,4,1228,5000,-1,0,0,0,-1,0,-1,0,-1,0,1228,4,1,5,0,"","","",0,1228,27,0
1229,1229,4,1229,500,-1,0,0,0,-1,0,-1,0,-1,0,1229,2,0,3,0,"","","",0,1229,27,0
1230,1230,4,1230,5000,-1,0,0,0,-1,0,-1,0,-1,0,1230,4,1,5,0,"","","",0,1230,27,0
1231,1231,4,1231,5000,-1,0,0,0,-1,0,-1,0,-1,0,1231,4,1,5,0,"","","",0,1231,27,0
1232,1232,4,1232,5000,-1,0,0,0,-1,0,-1,0,-1,0,1232,4,0,5,0,"","","",0,1232,27,0
1233,1233,4,1233,1000,-1,0,0,0,-1,0,-1,0,-1,0,1233,3,0,4,0,"","","",0,1233,27,0
1234,1234,4,1234,1000,-1,0,0,0,-1,0,-1,0,-1,0,1234,3,0,4,0,"","","",0,1234,27,0
1235,1235,4,1235,5000,-1,0,0,0,-1,0,-1,0,-1,0,1235,4,0,5,0,"","","",0,1235,27,0
1236,1236,4,1236,100,-1,0,0,0,-1,0,-1,0,-1,0,1236,0,0,1,0,"","","",0,1236,27,0
1237,1237,4,1237,500,-1,0,0,0,-1,0,-1,0,-1,0,1237,2,0,3,0,"","","",0,1237,27,0
1238,1238,4,1238,500,-1,0,0,0,-1,0,-1,0,-1,0,1238,2,0,3,0,"","","",0,1238,27,0
1239,1239,4,1239,1000,-1,0,0,0,-1,0,-1,0,-1,0,1239,3,0,4,0,"","","",0,1239,27,0
1240,1240,4,1240,100,-1,0,0,0,-1,0,-1,0,-1,0,1240,0,0,1,0,"","","",0,1240,27,0
1241,1241,4,1241,5000,-1,0,0,0,-1,0,-1,0,-1,0,1241,4,0,5,0,"","","",0,1241,27,0
1242,1242,4,1242,1000,-1,0,0,0,-1,0,-1,0,-1,0,1242,3,0,4,0,"","","",0,1242,27,0
1243,1243,4,1243,200,-1,0,0,0,-1,0,-1,0,-1,0,1243,1,0,2,0,"","","",0,1243,27,0
1244,1244,4,1244,100,-1,0,0,0,-1,0,-1,0,-1,0,1244,0,0,1,0,"","","",0,1244,27,0
1245,1245,4,1245,5000,-1,0,0,0,-1,0,-1,0,-1,0,1245,4,1,5,0,"","","",0,1245,27,0
1246,1246,4,1246,100,-1,0,0,0,-1,0,-1,0,-1,0,1246,0,0,1,0,"","","",0,1246,27,0
1247,1247,4,1247,100,-1,0,0,0,-1,0,-1,0,-1,0,1247,0,0,1,0,"","","",0,1247,27,0
1248,1248,4,1248,5000,-1,0,0,0,-1,0,-1,0,-1,0,1248,4,1,5,0,"","","",0,1248,27,0
1249,1249,4,1249,5000,-1,0,0,0,-1,0,-1,0,-1,0,1249,4,1,5,0,"","","",0,1249,27,0
1250,1250,4,1250,5000,-1,0,0,0,-1,0,-1,0,-1,0,1250,4,0,5,0,"","","",0,1250,27,0
1251,1251,4,1251,1000,-1,0,0,0,-1,0,-1,0,-1,0,1251,3,0,4,0,"","","",0,1251,27,0
1252,1252,4,1252,500,-1,0,0,0,-1,0,-1,0,-1,0,1252,2,0,3,0,"","","",0,1252,27,0
1253,1253,4,1253,500,-1,0,0,0,-1,0,-1,0,-1,0,1253,2,0,3,0,"","","",0,1253,27,0
1254,1254,4,1254,5000,-1,0,0,0,-1,0,-1,0,-1,0,1254,4,1,5,0,"","","",0,1254,27,0
1255,1255,4,1255,5000,-1,0,0,0,-1,0,-1,0,-1,0,1255,4,1,5,0,"","","",0,1255,27,0
1256,1256,4,1256,1000,-1,0,0,0,-1,0,-1,0,-1,0,1256,3,0,4,0,"","","",0,1256,27,0
1257,1257,4,1257,1000,-1,0,0,0,-1,0,-1,0,-1,0,1257,3,0,4,0,"","","",0,1257,27,0
1258,1258,4,1258,5000,-1,0,0,0,-1,0,-1,0,-1,0,1258,4,1,5,0,"","","",0,1258,27,0
1259,1259,4,1259,500,-1,0,0,0,-1,0,-1,0,-1,0,1259,2,0,3,0,"","","",0,1259,27,0
1260,1260,4,1260,500,-1,0,0,0,-1,0,-1,0,-1,0,1260,2,0,3,0,"","","",0,1260,27,0
1261,1261,4,1261,30000,-1,0,0,0,-1,0,-1,0,-1,0,1261,5,1,6,0,"","","",0,1261,27,0
1262,1262,4,1262,30000,-1,0,0,0,-1,0,-1,0,-1,0,1262,5,1,6,0,"","","",0,1262,27,0
1263,1263,4,1263,30000,-1,0,0,0,-1,0,-1,0,-1,0,1263,5,1,6,0,"","","",0,1263,27,0
1264,1264,4,1264,30000,-1,0,0,0,-1,0,-1,0,-1,0,1264,5,1,6,0,"","","",0,1264,27,0
1265,1265,4,1265,30000,-1,0,0,0,-1,0,-1,0,-1,0,1265,5,1,6,0,"","","",0,1265,27,0
1266,1266,4,1266,1000,-1,0,0,0,-1,0,-1,0,-1,0,1266,3,0,4,0,"","","",0,1266,27,0
1267,1267,4,1267,200,-1,0,0,0,-1,0,-1,0,-1,0,1267,1,0,2,0,"","","",0,1267,27,0
1268,1268,4,1268,500,-1,0,0,0,-1,0,-1,0,-1,0,1268,2,0,3,0,"","","",0,1268,27,0
1269,1269,4,1269,200,-1,0,0,0,-1,0,-1,0,-1,0,1269,1,0,2,0,"","","",0,1269,27,0
1270,1270,4,1270,200,-1,0,0,0,-1,0,-1,0,-1,0,1270,1,0,2,0,"","","",0,1270,27,0
1271,1271,4,1271,30000,-1,0,0,0,-1,0,-1,0,-1,0,1271,5,1,6,0,"","","",0,1271,27,0
1272,1272,4,1272,30000,-1,0,0,0,-1,0,-1,0,-1,0,1272,5,1,6,0,"","","",0,1272,27,0
1273,1273,4,1273,30000,-1,0,0,0,-1,0,-1,0,-1,0,1273,5,1,6,0,"","","",0,1273,27,0
1274,1274,4,1274,5000,-1,0,0,0,-1,0,-1,0,-1,0,1274,4,0,5,0,"","","",0,1274,27,0
1275,1275,4,1275,500,-1,0,0,0,-1,0,-1,0,-1,0,1275,2,0,3,0,"","","",0,1275,27,0
1276,1276,4,1276,500,-1,0,0,0,-1,0,-1,0,-1,0,1276,2,0,3,0,"","","",0,1276,27,0
1277,1277,4,1277,200,-1,0,0,0,-1,0,-1,0,-1,0,1277,1,0,2,0,"","","",0,1277,27,0
1278,1278,4,1278,500,-1,0,0,0,-1,0,-1,0,-1,0,1278,2,0,3,0,"","","",0,1278,27,0
1279,1279,4,1279,100,-1,0,0,0,-1,0,-1,0,-1,0,1279,0,0,1,0,"","","",0,1279,27,0
1280,1280,4,1280,100,-1,0,0,0,-1,0,-1,0,-1,0,1280,0,0,1,0,"","","",0,1280,27,0
1281,1281,4,1281,1000,-1,0,0,0,-1,0,-1,0,-1,0,1281,3,0,4,0,"","","",0,1281,27,0
1282,1282,4,1282,200,-1,0,0,0,-1,0,-1,0,-1,0,1282,1,0,2,0,"","","",0,1282,27,0
1283,1283,4,1283,500,-1,0,0,0,-1,0,-1,0,-1,0,1283,2,0,3,0,"","","",0,1283,27,0
1284,1284,4,1284,100,-1,0,0,0,-1,0,-1,0,-1,0,1284,0,0,1,0,"","","",0,1284,27,0
1285,1285,4,1285,500,-1,0,0,0,-1,0,-1,0,-1,0,1285,2,0,3,0,"","","",0,1285,27,0
1286,1286,4,1286,1000,-1,0,0,0,-1,0,-1,0,-1,0,1286,3,0,4,0,"","","",0,1286,27,0
1287,1287,4,1287,5000,-1,0,0,0,-1,0,-1,0,-1,0,1287,4,1,5,0,"","","",0,1287,27,0
1288,1288,4,1288,200,-1,0,0,0,-1,0,-1,0,-1,0,1288,1,0,2,0,"","","",0,1288,27,0
1289,1289,4,1289,1000,-1,0,0,0,-1,0,-1,0,-1,0,1289,3,0,4,0,"","","",0,1289,27,0
1290,1290,4,1290,500,-1,0,0,0,-1,0,-1,0,-1,0,1290,2,0,3,0,"","","",0,1290,27,0
1291,1291,4,1291,1000,-1,0,0,0,-1,0,-1,0,-1,0,1291,3,0,4,0,"","","",0,1291,27,0
1292,1292,4,1292,200,-1,0,0,0,-1,0,-1,0,-1,0,1292,1,0,2,0,"","","",0,1292,27,0
1293,1293,4,1293,100,-1,0,0,0,-1,0,-1,0,-1,0,1293,0,0,1,0,"","","",0,1293,27,0
1294,1294,4,1294,100,-1,0,0,0,-1,0,-1,0,-1,0,1294,0,0,1,0,"","","",0,1294,27,0
1295,1295,4,1295,500,-1,0,0,0,-1,0,-1,0,-1,0,1295,2,0,3,0,"","","",0,1295,27,0
1296,1296,4,1296,200,-1,0,0,0,-1,0,-1,0,-1,0,1296,1,0,2,0,"","","",0,1296,27,0
1297,1297,4,1297,5000,-1,0,0,0,-1,0,-1,0,-1,0,1297,4,0,5,0,"","","",0,1297,27,0
1298,1298,4,1298,5000,-1,0,0,0,-1,0,-1,0,-1,0,1298,4,1,5,0,"","","",0,1298,27,0
1299,1299,4,1299,500,-1,0,0,0,-1,0,-1,0,-1,0,1299,2,0,3,0,"","","",0,1299,27,0
1300,1300,4,1300,5000,-1,0,0,0,-1,0,-1,0,-1,0,1300,4,1,5,0,"","","",0,1300,27,0
1301,1301,4,1301,5000,-1,0,0,0,-1,0,-1,0,-1,0,1301,4,1,5,0,"","","",0,1301,27,0
1302,1302,4,1302,1000,-1,0,0,0,-1,0,-1,0,-1,0,1302,3,0,4,0,"","","",0,1302,27,0
1303,1303,4,1303,200,-1,0,0,0,-1,0,-1,0,-1,0,1303,1,0,2,0,"","","",0,1303,27,0
1304,1304,4,1304,100,-1,0,0,0,-1,0,-1,0,-1,0,1304,0,0,1,0,"","","",0,1304,27,0
1305,1305,4,1305,200,-1,0,0,0,-1,0,-1,0,-1,0,1305,1,0,2,0,"","","",0,1305,27,0
1306,1306,4,1306,500,-1,0,0,0,-1,0,-1,0,-1,0,1306,2,0,3,0,"","","",0,1306,27,0
1307,1307,4,1307,1000,-1,0,0,0,-1,0,-1,0,-1,0,1307,3,0,4,0,"","","",0,1307,27,0
1308,1308,4,1308,1000,-1,0,0,0,-1,0,-1,0,-1,0,1308,3,0,4,0,"","","",0,1308,27,0
1309,1309,4,1309,200,-1,0,0,0,-1,0,-1,0,-1,0,1309,1,0,2,0,"","","",0,1309,27,0
1310,1310,4,1310,5000,-1,0,0,0,-1,0,-1,0,-1,0,1310,4,1,5,0,"","","",0,1310,27,0
1311,1311,4,1311,200,-1,0,0,0,-1,0,-1,0,-1,0,1311,1,0,2,0,"","","",0,1311,27,0
1312,1312,4,1312,100,-1,0,0,0,-1,0,-1,0,-1,0,1312,0,0,1,0,"","","",0,1312,27,0
1313,1313,4,1313,5000,-1,0,0,0,-1,0,-1,0,-1,0,1313,4,0,5,0,"","","",0,1313,27,0
1314,1314,4,1314,500,-1,0,0,0,-1,0,-1,0,-1,0,1314,2,0,3,0,"","","",0,1314,27,0
1315,1315,4,1315,5000,-1,0,0,0,-1,0,-1,0,-1,0,1315,4,1,5,0,"","","",0,1315,27,0
1316,1316,4,1316,100,-1,0,0,0,-1,0,-1,0,-1,0,1316,0,0,1,0,"","","",0,1316,27,0
1317,1317,4,1317,5000,-1,0,0,0,-1,0,-1,0,-1,0,1317,4,1,5,0,"","","",0,1317,27,0
1318,1318,4,1318,200,-1,0,0,0,-1,0,-1,0,-1,0,1318,1,0,2,0,"","","",0,1318,27,0
1319,1319,4,1319,1000,-1,0,0,0,-1,0,-1,0,-1,0,1319,3,0,4,0,"","","",0,1319,27,0
1320,1320,4,1320,5000,-1,0,0,0,-1,0,-1,0,-1,0,1320,4,0,5,0,"","","",0,1320,27,0
1321,1321,4,1321,1000,-1,0,0,0,-1,0,-1,0,-1,0,1321,3,0,4,0,"","","",0,1321,27,0
1322,1322,4,1322,1000,-1,0,0,0,-1,0,-1,0,-1,0,1322,3,0,4,0,"","","",0,1322,27,0
1323,1323,4,1323,1000,-1,0,0,0,-1,0,-1,0,-1,0,1323,3,0,4,0,"","","",0,1323,27,0
1324,1324,4,1324,5000,-1,0,0,0,-1,0,-1,0,-1,0,1324,4,1,5,0,"","","",0,1324,27,0
1325,1325,4,1325,5000,-1,0,0,0,-1,0,-1,0,-1,0,1325,4,1,5,0,"","","",0,1325,27,0
1326,1326,4,1326,5000,-1,0,0,0,-1,0,-1,0,-1,0,1326,4,1,5,0,"","","",0,1326,27,0
1327,1327,4,1327,5000,-1,0,0,0,-1,0,-1,0,-1,0,1327,4,1,5,0,"","","",0,1327,27,0
1328,1328,4,1328,5000,-1,0,0,0,-1,0,-1,0,-1,0,1328,4,1,5,0,"","","",0,1328,27,0
1329,1329,4,1329,1000,-1,0,0,0,-1,0,-1,0,-1,0,1329,3,0,4,0,"","","",0,1329,27,0
1330,1330,4,1330,5000,-1,0,0,0,-1,0,-1,0,-1,0,1330,4,1,5,0,"","","",0,1330,27,0
1331,1331,4,1331,5000,-1,0,0,0,-1,0,-1,0,-1,0,1331,4,1,5,0,"","","",0,1331,27,0
1332,1332,4,1332,200,-1,0,0,0,-1,0,-1,0,-1,0,1332,1,0,2,0,"","","",0,1332,27,0
1333,1333,4,1333,5000,-1,0,0,0,-1,0,-1,0,-1,0,1333,4,1,5,0,"","","",0,1333,27,0
1334,1334,4,1334,1000,-1,0,0,0,-1,0,-1,0,-1,0,1334,3,0,4,0,"","","",0,1334,27,0
1335,1335,4,1335,5000,-1,0,0,0,-1,0,-1,0,-1,0,1335,4,1,5,0,"","","",0,1335,27,0
1336,1336,4,1336,100,-1,0,0,0,-1,0,-1,0,-1,0,1336,0,0,1,0,"","","",0,1336,27,0
1337,1337,4,1337,200,-1,0,0,0,-1,0,-1,0,-1,0,1337,1,0,2,0,"","","",0,1337,27,0
1338,1338,4,1338,500,-1,0,0,0,-1,0,-1,0,-1,0,1338,2,0,3,0,"","","",0,1338,27,0
1339,1339,4,1339,5000,-1,0,0,0,-1,0,-1,0,-1,0,1339,4,1,5,0,"","","",0,1339,27,0
1340,1340,4,1340,200,-1,0,0,0,-1,0,-1,0,-1,0,1340,1,0,2,0,"","","",0,1340,27,0
1341,1341,4,1341,1000,-1,0,0,0,-1,0,-1,0,-1,0,1341,3,0,4,0,"","","",0,1341,27,0
1342,1342,4,1342,5000,-1,0,0,0,-1,0,-1,0,-1,0,1342,4,1,5,0,"","","",0,1342,27,0
1343,1343,4,1343,500,-1,0,0,0,-1,0,-1,0,-1,0,1343,2,0,3,0,"","","",0,1343,27,0
1344,1344,4,1344,200,-1,0,0,0,-1,0,-1,0,-1,0,1344,1,0,2,0,"","","",0,1344,27,0
1345,1345,4,1345,5000,-1,0,0,0,-1,0,-1,0,-1,0,1345,4,0,5,0,"","","",0,1345,27,0
1346,1346,4,1346,1000,-1,0,0,0,-1,0,-1,0,-1,0,1346,3,0,4,0,"","","",0,1346,27,0
1347,1347,4,1347,100,-1,0,0,0,-1,0,-1,0,-1,0,1347,0,0,1,0,"","","",0,1347,27,0
1348,1348,4,1348,5000,-1,0,0,0,-1,0,-1,0,-1,0,1348,4,1,5,0,"","","",0,1348,27,0
1349,1349,4,1349,500,-1,0,0,0,-1,0,-1,0,-1,0,1349,2,0,3,0,"","","",0,1349,27,0
1350,1350,4,1350,5000,-1,0,0,0,-1,0,-1,0,-1,0,1350,4,0,5,0,"","","",0,1350,27,0
1351,1351,4,1351,100,-1,0,0,0,-1,0,-1,0,-1,0,1351,0,0,1,0,"","","",0,1351,27,0
1352,1352,4,1352,500,-1,0,0,0,-1,0,-1,0,-1,0,1352,2,0,3,0,"","","",0,1352,27,0
1353,1353,4,1353,500,-1,0,0,0,-1,0,-1,0,-1,0,1353,2,0,3,0,"","","",0,1353,27,0
1354,1354,4,1354,5000,-1,0,0,0,-1,0,-1,0,-1,0,1354,4,1,5,0,"","","",0,1354,27,0
1355,1355,4,1355,5000,-1,0,0,0,-1,0,-1,0,-1,0,1355,4,1,5,0,"","","",0,1355,27,0
1356,1356,4,1356,1000,-1,0,0,0,-1,0,-1,0,-1,0,1356,3,0,4,0,"","","",0,1356,27,0
1357,1357,4,1357,500,-1,0,0,0,-1,0,-1,0,-1,0,1357,2,0,3,0,"","","",0,1357,27,0
1358,1358,4,1358,5000,-1,0,0,0,-1,0,-1,0,-1,0,1358,4,0,5,0,"","","",0,1358,27,0
1359,1359,4,1359,5000,-1,0,0,0,-1,0,-1,0,-1,0,1359,4,0,5,0,"","","",0,1359,27,0
1360,1360,4,1360,5000,-1,0,0,0,-1,0,-1,0,-1,0,1360,4,1,5,0,"","","",0,1360,27,0
1361,1361,4,1361,500,-1,0,0,0,-1,0,-1,0,-1,0,1361,2,0,3,0,"","","",0,1361,27,0
1362,1362,4,1362,1000,-1,0,0,0,-1,0,-1,0,-1,0,1362,3,0,4,0,"","","",0,1362,27,0
1363,1363,4,1363,100,-1,0,0,0,-1,0,-1,0,-1,0,1363,0,0,1,0,"","","",0,1363,27,0
1364,1364,4,1364,1000,-1,0,0,0,-1,0,-1,0,-1,0,1364,3,0,4,0,"","","",0,1364,27,0
1365,1365,4,1365,5000,-1,0,0,0,-1,0,-1,0,-1,0,1365,4,0,5,0,"","","",0,1365,27,0
1366,1366,4,1366,5000,-1,0,0,0,-1,0,-1,0,-1,0,1366,4,1,5,0,"","","",0,1366,27,0
1367,1367,4,1367,5000,-1,0,0,0,-1,0,-1,0,-1,0,1367,4,0,5,0,"","","",0,1367,27,0
1368,1368,4,1368,5000,-1,0,0,0,-1,0,-1,0,-1,0,1368,4,0,5,0,"","","",0,1368,27,0
1369,1369,4,1369,5000,-1,0,0,0,-1,0,-1,0,-1,0,1369,4,1,5,0,"","","",0,1369,27,0
1370,1370,4,1370,200,-1,0,0,0,-1,0,-1,0,-1,0,1370,1,0,2,0,"","","",0,1370,27,0
1371,1371,4,1371,1000,-1,0,0,0,-1,0,-1,0,-1,0,1371,3,0,4,0,"","","",0,1371,27,0
1372,1372,4,1372,200,-1,0,0,0,-1,0,-1,0,-1,0,1372,1,0,2,0,"","","",0,1372,27,0
1373,1373,4,1373,100,-1,0,0,0,-1,0,-1,0,-1,0,1373,0,0,1,0,"","","",0,1373,27,0
1374,1374,4,1374,1000,-1,0,0,0,-1,0,-1,0,-1,0,1374,3,0,4,0,"","","",0,1374,27,0
1375,1375,4,1375,5000,-1,0,0,0,-1,0,-1,0,-1,0,1375,4,0,5,0,"","","",0,1375,27,0
1376,1376,4,1376,5000,-1,0,0,0,-1,0,-1,0,-1,0,1376,4,0,5,0,"","","",0,1376,27,0
1377,1377,4,1377,500,-1,0,0,0,-1,0,-1,0,-1,0,1377,2,0,3,0,"","","",0,1377,27,0
1378,1378,4,1378,200,-1,0,0,0,-1,0,-1,0,-1,0,1378,1,0,2,0,"","","",0,1378,27,0
1379,1379,4,1379,500,-1,0,0,0,-1,0,-1,0,-1,0,1379,2,0,3,0,"","","",0,1379,27,0
1380,1380,4,1380,5000,-1,0,0,0,-1,0,-1,0,-1,0,1380,4,1,5,0,"","","",0,1380,27,0
1381,1381,4,1381,5000,-1,0,0,0,-1,0,-1,0,-1,0,1381,4,1,5,0,"","","",0,1381,27,0
1382,1382,4,1382,5000,-1,0,0,0,-1,0,-1,0,-1,0,1382,4,1,5,0,"","","",0,1382,27,0
1383,1383,4,1383,5000,-1,0,0,0,-1,0,-1,0,-1,0,1383,4,1,5,0,"","","",0,1383,27,0
1384,1384,4,1384,5000,-1,0,0,0,-1,0,-1,0,-1,0,1384,4,1,5,0,"","","",0,1384,27,0
1385,1385,4,1385,5000,-1,0,0,0,-1,0,-1,0,-1,0,1385,4,1,5,0,"","","",0,1385,27,0
1386,1386,4,1386,5000,-1,0,0,0,-1,0,-1,0,-1,0,1386,4,1,5,0,"","","",0,1386,27,0
1387,1387,4,1387,5000,-1,0,0,0,-1,0,-1,0,-1,0,1387,4,1,5,0,"","","",0,1387,27,0
1388,1388,4,1388,1000,-1,0,0,0,-1,0,-1,0,-1,0,1388,3,0,4,0,"","","",0,1388,27,0
1389,1389,4,1389,200,-1,0,0,0,-1,0,-1,0,-1,0,1389,1,0,2,0,"","","",0,1389,27,0
1390,1390,4,1390,1000,-1,0,0,0,-1,0,-1,0,-1,0,1390,3,0,4,0,"","","",0,1390,27,0
1391,1391,4,1391,5000,-1,0,0,0,-1,0,-1,0,-1,0,1391,4,1,5,0,"","","",0,1391,27,0
1392,1392,4,1392,200,-1,0,0,0,-1,0,-1,0,-1,0,1392,1,0,2,0,"","","",0,1392,27,0
1393,1393,4,1393,200,-1,0,0,0,-1,0,-1,0,-1,0,1393,1,0,2,0,"","","",0,1393,27,0
1394,1394,4,1394,200,-1,0,0,0,-1,0,-1,0,-1,0,1394,1,0,2,0,"","","",0,1394,27,0
1395,1395,4,1395,100,-1,0,0,0,-1,0,-1,0,-1,0,1395,0,0,1,0,"","","",0,1395,27,0
1396,1396,4,1396,100,-1,0,0,0,-1,0,-1,0,-1,0,1396,0,0,1,0,"","","",0,1396,27,0
1397,1397,4,1397,5000,-1,0,0,0,-1,0,-1,0,-1,0,1397,4,0,5,0,"","","",0,1397,27,0
1398,1398,4,1398,1000,-1,0,0,0,-1,0,-1,0,-1,0,1398,3,0,4,0,"","","",0,1398,27,0
1399,1399,4,1399,5000,-1,0,0,0,-1,0,-1,0,-1,0,1399,4,0,5,0,"","","",0,1399,27,0
1400,1400,4,1400,5000,-1,0,0,0,-1,0,-1,0,-1,0,1400,4,1,5,0,"","","",0,1400,27,0
1401,1401,4,1401,100,-1,0,0,0,-1,0,-1,0,-1,0,1401,0,0,1,0,"","","",0,1401,27,0
1402,1402,4,1402,500,-1,0,0,0,-1,0,-1,0,-1,0,1402,2,0,3,0,"","","",0,1402,27,0
1403,1403,4,1403,1000,-1,0,0,0,-1,0,-1,0,-1,0,1403,3,0,4,0,"","","",0,1403,27,0
1404,1404,4,1404,5000,-1,0,0,0,-1,0,-1,0,-1,0,1404,4,0,5,0,"","","",0,1404,27,0
1405,1405,4,1405,30000,-1,0,0,0,-1,0,-1,0,-1,0,1405,5,1,6,0,"","","",0,1405,27,0
1406,1406,4,1406,30000,-1,0,0,0,-1,0,-1,0,-1,0,1406,5,1,6,0,"","","",0,1406,27,0
1407,1407,4,1407,1000,-1,0,0,0,-1,0,-1,0,-1,0,1407,3,0,4,0,"","","",0,1407,27,0
1408,1408,4,1408,1000,-1,0,0,0,-1,0,-1,0,-1,0,1408,3,0,4,0,"","","",0,1408,27,0
1409,1409,4,1409,1000,-1,0,0,0,-1,0,-1,0,-1,0,1409,3,0,4,0,"","","",0,1409,27,0
1410,1410,4,1410,5000,-1,0,0,0,-1,0,-1,0,-1,0,1410,4,1,5,0,"","","",0,1410,27,0
1411,1411,4,1411,200,-1,0,0,0,-1,0,-1,0,-1,0,1411,1,0,2,0,"","","",0,1411,27,0
1412,1412,4,1412,1000,-1,0,0,0,-1,0,-1,0,-1,0,1412,3,0,4,0,"","","",0,1412,27,0
1413,1413,4,1413,1000,-1,0,0,0,-1,0,-1,0,-1,0,1413,3,0,4,0,"","","",0,1413,27,0
1414,1414,4,1414,1000,-1,0,0,0,-1,0,-1,0,-1,0,1414,3,0,4,0,"","","",0,1414,27,0
1415,1415,4,1415,5000,-1,0,0,0,-1,0,-1,0,-1,0,1415,4,1,5,0,"","","",0,1415,27,0
1416,1416,4,1416,1000,-1,0,0,0,-1,0,-1,0,-1,0,1416,3,0,4,0,"","","",0,1416,27,0
1417,1417,4,1417,5000,-1,0,0,0,-1,0,-1,0,-1,0,1417,4,1,5,0,"","","",0,1417,27,0
1418,1418,4,1418,1000,-1,0,0,0,-1,0,-1,0,-1,0,1418,3,0,4,0,"","","",0,1418,27,0
1419,1419,4,1419,5000,-1,0,0,0,-1,0,-1,0,-1,0,1419,4,1,5,0,"","","",0,1419,27,0
1420,1420,4,1420,100,-1,0,0,0,-1,0,-1,0,-1,0,1420,0,0,1,0,"","","",0,1420,27,0
1421,1421,4,1421,1000,-1,0,0,0,-1,0,-1,0,-1,0,1421,3,0,4,0,"","","",0,1421,27,0
1422,1422,4,1422,5000,-1,0,0,0,-1,0,-1,0,-1,0,1422,4,1,5,0,"","","",0,1422,27,0
1423,1423,4,1423,5000,-1,0,0,0,-1,0,-1,0,-1,0,1423,4,1,5,0,"","","",0,1423,27,0
1424,1424,4,1424,5000,-1,0,0,0,-1,0,-1,0,-1,0,1424,4,1,5,0,"","","",0,1424,27,0
1425,1425,4,1425,5000,-1,0,0,0,-1,0,-1,0,-1,0,1425,4,1,5,0,"","","",0,1425,27,0
1426,1426,4,1426,1000,-1,0,0,0,-1,0,-1,0,-1,0,1426,3,0,4,0,"","","",0,1426,27,0
1427,1427,4,1427,1000,-1,0,0,0,-1,0,-1,0,-1,0,1427,3,0,4,0,"","","",0,1427,27,0
1428,1428,4,1428,500,-1,0,0,0,-1,0,-1,0,-1,0,1428,2,0,3,0,"","","",0,1428,27,0
1429,1429,4,1429,1000,-1,0,0,0,-1,0,-1,0,-1,0,1429,3,0,4,0,"","","",0,1429,27,0
1430,1430,4,1430,5000,-1,0,0,0,-1,0,-1,0,-1,0,1430,4,1,5,0,"","","",0,1430,27,0
1431,1431,4,1431,5000,-1,0,0,0,-1,0,-1,0,-1,0,1431,4,1,5,0,"","","",0,1431,27,0
1432,1432,4,1432,5000,-1,0,0,0,-1,0,-1,0,-1,0,1432,4,1,5,0,"","","",0,1432,27,0
1433,1433,4,1433,5000,-1,0,0,0,-1,0,-1,0,-1,0,1433,4,1,5,0,"","","",0,1433,27,0
1434,1434,4,1434,5000,-1,0,0,0,-1,0,-1,0,-1,0,1434,4,1,5,0,"","","",0,1434,27,0
1435,1435,4,1435,1000,-1,0,0,0,-1,0,-1,0,-1,0,1435,3,0,4,0,"","","",0,1435,27,0
1436,1436,4,1436,1000,-1,0,0,0,-1,0,-1,0,-1,0,1436,3,0,4,0,"","","",0,1436,27,0
1437,1437,4,1437,5000,-1,0,0,0,-1,0,-1,0,-1,0,1437,4,1,5,0,"","","",0,1437,27,0
1438,1438,4,1438,1000,-1,0,0,0,-1,0,-1,0,-1,0,1438,3,0,4,0,"","","",0,1438,27,0
1439,1439,4,1439,1000,-1,0,0,0,-1,0,-1,0,-1,0,1439,3,0,4,0,"","","",0,1439,27,0
1440,1440,4,1440,1000,-1,0,0,0,-1,0,-1,0,-1,0,1440,3,0,4,0,"","","",0,1440,27,0
1441,1441,4,1441,5000,-1,0,0,0,-1,0,-1,0,-1,0,1441,4,1,5,0,"","","",0,1441,27,0
1442,1442,4,1442,1000,-1,0,0,0,-1,0,-1,0,-1,0,1442,3,0,4,0,"","","",0,1442,27,0
1443,1443,4,1443,500,-1,0,0,0,-1,0,-1,0,-1,0,1443,2,0,3,0,"","","",0,1443,27,0
1444,1444,4,1444,5000,-1,0,0,0,-1,0,-1,0,-1,0,1444,4,1,5,0,"","","",0,1444,27,0
1445,1445,4,1445,5000,-1,0,0,0,-1,0,-1,0,-1,0,1445,4,0,5,0,"","","",0,1445,27,0
1446,1446,4,1446,5000,-1,0,0,0,-1,0,-1,0,-1,0,1446,4,1,5,0,"","","",0,1446,27,0
1447,1447,4,1447,500,-1,0,0,0,-1,0,-1,0,-1,0,1447,2,0,3,0,"","","",0,1447,27,0
1448,1448,4,1448,100,-1,0,0,0,-1,0,-1,0,-1,0,1448,0,0,1,0,"","","",0,1448,27,0
1449,1449,4,1449,500,-1,0,0,0,-1,0,-1,0,-1,0,1449,2,0,3,0,"","","",0,1449,27,0
1450,1450,4,1450,200,-1,0,0,0,-1,0,-1,0,-1,0,1450,1,0,2,0,"","","",0,1450,27,0
1451,1451,4,1451,1000,-1,0,0,0,-1,0,-1,0,-1,0,1451,3,0,4,0,"","","",0,1451,27,0
1452,1452,4,1452,1000,-1,0,0,0,-1,0,-1,0,-1,0,1452,3,0,4,0,"","","",0,1452,27,0
1453,1453,4,1453,500,-1,0,0,0,-1,0,-1,0,-1,0,1453,2,0,3,0,"","","",0,1453,27,0
1454,1454,4,1454,100,-1,0,0,0,-1,0,-1,0,-1,0,1454,0,0,1,0,"","","",0,1454,27,0
1455,1455,4,1455,500,-1,0,0,0,-1,0,-1,0,-1,0,1455,2,0,3,0,"","","",0,1455,27,0
1456,1456,4,1456,5000,-1,0,0,0,-1,0,-1,0,-1,0,1456,4,1,5,0,"","","",0,1456,27,0
1457,1457,4,1457,5000,-1,0,0,0,-1,0,-1,0,-1,0,1457,4,1,5,0,"","","",0,1457,27,0
1458,1458,4,1458,5000,-1,0,0,0,-1,0,-1,0,-1,0,1458,4,1,5,0,"","","",0,1458,27,0
1459,1459,4,1459,5000,-1,0,0,0,-1,0,-1,0,-1,0,1459,4,1,5,0,"","","",0,1459,27,0
1460,1460,4,1460,100,-1,0,0,0,-1,0,-1,0,-1,0,1460,0,0,1,0,"","","",0,1460,27,0
1461,1461,4,1461,5000,-1,0,0,0,-1,0,-1,0,-1,0,1461,4,0,5,0,"","","",0,1461,27,0
1462,1462,4,1462,1000,-1,0,0,0,-1,0,-1,0,-1,0,1462,3,0,4,0,"","","",0,1462,27,0
1463,1463,4,1463,5000,-1,0,0,0,-1,0,-1,0,-1,0,1463,4,0,5,0,"","","",0,1463,27,0
1464,1464,4,1464,1000,-1,0,0,0,-1,0,-1,0,-1,0,1464,3,0,4,0,"","","",0,1464,27,0
1465,1465,4,1465,5000,-1,0,0,0,-1,0,-1,0,-1,0,1465,4,1,5,0,"","","",0,1465,27,0
1466,1466,4,1466,1000,-1,0,0,0,-1,0,-1,0,-1,0,1466,3,0,4,0,"","","",0,1466,27,0
1467,1467,4,1467,5000,-1,0,0,0,-1,0,-1,0,-1,0,1467,4,0,5,0,"","","",0,1467,27,0
1468,1468,4,1468,500,-1,0,0,0,-1,0,-1,0,-1,0,1468,2,0,3,0,"","","",0,1468,27,0
1469,1469,4,1469,100,-1,0,0,0,-1,0,-1,0,-1,0,1469,0,0,1,0,"","","",0,1469,27,0
1470,1470,4,1470,5000,-1,0,0,0,-1,0,-1,0,-1,0,1470,4,1,5,0,"","","",0,1470,27,0
1471,1471,4,1471,500,-1,0,0,0,-1,0,-1,0,-1,0,1471,2,0,3,0,"","","",0,1471,27,0
1472,1472,4,1472,5000,-1,0,0,0,-1,0,-1,0,-1,0,1472,4,1,5,0,"","","",0,1472,27,0
1473,1473,4,1473,1000,-1,0,0,0,-1,0,-1,0,-1,0,1473,3,0,4,0,"","","",0,1473,27,0
1474,1474,4,1474,200,-1,0,0,0,-1,0,-1,0,-1,0,1474,1,0,2,0,"","","",0,1474,27,0
1475,1475,4,1475,5000,-1,0,0,0,-1,0,-1,0,-1,0,1475,4,1,5,0,"","","",0,1475,27,0
1476,1476,4,1476,1000,-1,0,0,0,-1,0,-1,0,-1,0,1476,3,0,4,0,"","","",0,1476,27,0
1477,1477,4,1477,5000,-1,0,0,0,-1,0,-1,0,-1,0,1477,4,1,5,0,"","","",0,1477,27,0
1478,1478,4,1478,200,-1,0,0,0,-1,0,-1,0,-1,0,1478,1,0,2,0,"","","",0,1478,27,0
1479,1479,4,1479,500,-1,0,0,0,-1,0,-1,0,-1,0,1479,2,0,3,0,"","","",0,1479,27,0
1480,1480,4,1480,5000,-1,0,0,0,-1,0,-1,0,-1,0,1480,4,1,5,0,"","","",0,1480,27,0
1481,1481,4,1481,5000,-1,0,0,0,-1,0,-1,0,-1,0,1481,4,1,5,0,"","","",0,1481,27,0
1482,1482,4,1482,5000,-1,0,0,0,-1,0,-1,0,-1,0,1482,4,0,5,0,"","","",0,1482,27,0
1483,1483,4,1483,500,-1,0,0,0,-1,0,-1,0,-1,0,1483,2,0,3,0,"","","",0,1483,27,0
1484,1484,4,1484,500,-1,0,0,0,-1,0,-1,0,-1,0,1484,2,0,3,0,"","","",0,1484,27,0
1485,1485,4,1485,500,-1,0,0,0,-1,0,-1,0,-1,0,1485,2,0,3,0,"","","",0,1485,27,0
1486,1486,4,1486,500,-1,0,0,0,-1,0,-1,0,-1,0,1486,2,0,3,0,"","","",0,1486,27,0
1487,1487,4,1487,1000,-1,0,0,0,-1,0,-1,0,-1,0,1487,3,0,4,0,"","","",0,1487,27,0
1488,1488,4,1488,200,-1,0,0,0,-1,0,-1,0,-1,0,1488,1,0,2,0,"","","",0,1488,27,0
1489,1489,4,1489,30000,-1,0,0,0,-1,0,-1,0,-1,0,1489,5,1,6,0,"","","",0,1489,27,0
1490,1490,4,1490,1000,-1,0,0,0,-1,0,-1,0,-1,0,1490,3,0,4,0,"","","",0,1490,27,0
1491,1491,4,1491,5000,-1,0,0,0,-1,0,-1,0,-1,0,1491,4,1,5,0,"","","",0,1491,27,0
1492,1492,4,1492,5000,-1,0,0,0,-1,0,-1,0,-1,0,1492,4,1,5,0,"","","",0,1492,27,0
1493,1493,4,1493,200,-1,0,0,0,-1,0,-1,0,-1,0,1493,1,0,2,0,"","","",0,1493,27,0
1494,1494,4,1494,5000,-1,0,0,0,-1,0,-1,0,-1,0,1494,4,1,5,0,"","","",0,1494,27,0
1495,1495,4,1495,1000,-1,0,0,0,-1,0,-1,0,-1,0,1495,3,0,4,0,"","","",0,1495,27,0
1496,1496,4,1496,200,-1,0,0,0,-1,0,-1,0,-1,0,1496,1,0,2,0,"","","",0,1496,27,0
1497,1497,4,1497,1000,-1,0,0,0,-1,0,-1,0,-1,0,1497,3,0,4,0,"","","",0,1497,27,0
1498,1498,4,1498,500,-1,0,0,0,-1,0,-1,0,-1,0,1498,2,0,3,0,"","","",0,1498,27,0
1499,1499,4,1499,100,-1,0,0,0,-1,0,-1,0,-1,0,1499,0,0,1,0,"","","",0,1499,27,0
1500,1500,4,1500,1000,-1,0,0,0,-1,0,-1,0,-1,0,1500,3,0,4,0,"","","",0,1500,27,0
1501,1501,4,1501,10000,-1,0,0,0,-1,0,-1,0,-1,0,1501,4,0,5,0,"","","",0,1501,27,0
1502,1502,4,1502,10000,-1,0,0,0,-1,0,-1,0,-1,0,1502,2,0,3,0,"","","",0,1502,27,0
1503,1503,4,1503,10000,-1,0,0,0,-1,0,-1,0,-1,0,1503,4,0,5,0,"","","",0,1503,27,0
1504,1504,4,1504,10000,-1,0,0,0,-1,0,-1,0,-1,0,1504,2,0,3,0,"","","",0,1504,27,0
1505,1505,4,1505,10000,-1,0,0,0,-1,0,-1,0,-1,0,1505,3,0,4,0,"","","",0,1505,27,0
1506,1506,4,1506,10000,-1,0,0,0,-1,0,-1,0,-1,0,1506,3,0,4,0,"","","",0,1506,27,0
1507,1507,4,1507,10000,-1,0,0,0,-1,0,-1,0,-1,0,1507,3,0,4,0,"","","",0,1507,27,0
1508,1508,4,1508,10000,-1,0,0,0,-1,0,-1,0,-1,0,1508,4,1,5,0,"","","",0,1508,27,0
1509,1509,4,1509,10000,-1,0,0,0,-1,0,-1,0,-1,0,1509,5,1,6,0,"","","",0,1509,27,0
1510,1510,4,1510,10000,-1,0,0,0,-1,0,-1,0,-1,0,1510,1,0,2,0,"","","",0,1510,27,0
1511,1511,4,1511,10000,-1,0,0,0,-1,0,-1,0,-1,0,1511,4,0,5,0,"","","",0,1511,27,0
1512,1512,4,1512,10000,-1,0,0,0,-1,0,-1,0,-1,0,1512,3,0,4,0,"","","",0,1512,27,0
1513,1513,4,1513,10000,-1,0,0,0,-1,0,-1,0,-1,0,1513,4,1,5,0,"","","",0,1513,27,0
1514,1514,4,1514,10000,-1,0,0,0,-1,0,-1,0,-1,0,1514,3,0,4,0,"","","",0,1514,27,0
1515,1515,4,1515,10000,-1,0,0,0,-1,0,-1,0,-1,0,1515,3,0,4,0,"","","",0,1515,27,0
1516,1516,4,1516,10000,-1,0,0,0,-1,0,-1,0,-1,0,1516,4,0,5,0,"","","",0,1516,27,0
1517,1517,4,1517,10000,-1,0,0,0,-1,0,-1,0,-1,0,1517,1,0,2,0,"","","",0,1517,27,0
1518,1518,4,1518,10000,-1,0,0,0,-1,0,-1,0,-1,0,1518,4,0,5,0,"","","",0,1518,27,0
1519,1519,4,1519,10000,-1,0,0,0,-1,0,-1,0,-1,0,1519,4,0,5,0,"","","",0,1519,27,0
1520,1520,4,1520,10000,-1,0,0,0,-1,0,-1,0,-1,0,1520,3,0,4,0,"","","",0,1520,27,0
1521,1521,4,1521,10000,-1,0,0,0,-1,0,-1,0,-1,0,1521,4,0,5,0,"","","",0,1521,27,0
1522,1522,4,1522,10000,-1,0,0,0,-1,0,-1,0,-1,0,1522,4,1,5,0,"","","",0,1522,27,0
1523,1523,4,1523,10000,-1,0,0,0,-1,0,-1,0,-1,0,1523,1,0,2,0,"","","",0,1523,27,0
1524,1524,4,1524,10000,-1,0,0,0,-1,0,-1,0,-1,0,1524,4,0,5,0,"","","",0,1524,27,0
1525,1525,4,1525,10000,-1,0,0,0,-1,0,-1,0,-1,0,1525,1,0,2,0,"","","",0,1525,27,0
1526,1526,4,1526,10000,-1,0,0,0,-1,0,-1,0,-1,0,1526,4,0,5,0,"","","",0,1526,27,0
1527,1527,4,1527,10000,-1,0,0,0,-1,0,-1,0,-1,0,1527,4,1,5,0,"","","",0,1527,27,0
1528,1528,4,1528,10000,-1,0,0,0,-1,0,-1,0,-1,0,1528,2,0,3,0,"","","",0,1528,27,0
1529,1529,4,1529,10000,-1,0,0,0,-1,0,-1,0,-1,0,1529,4,0,5,0,"","","",0,1529,27,0
1530,1530,4,1530,10000,-1,0,0,0,-1,0,-1,0,-1,0,1530,4,1,5,0,"","","",0,1530,27,0
1531,1531,4,1531,10000,-1,0,0,0,-1,0,-1,0,-1,0,1531,4,1,5,0,"","","",0,1531,27,0
1532,1532,4,1532,10000,-1,0,0,0,-1,0,-1,0,-1,0,1532,0,0,1,0,"","","",0,1532,27,0
1533,1533,4,1533,10000,-1,0,0,0,-1,0,-1,0,-1,0,1533,3,0,4,0,"","","",0,1533,27,0
1534,1534,4,1534,10000,-1,0,0,0,-1,0,-1,0,-1,0,1534,0,0,1,0,"","","",0,1534,27,0
1535,1535,4,1535,10000,-1,0,0,0,-1,0,-1,0,-1,0,1535,4,1,5,0,"","","",0,1535,27,0
1536,1536,4,1536,10000,-1,0,0,0,-1,0,-1,0,-1,0,1536,2,0,3,0,"","","",0,1536,27,0
1537,1537,4,1537,10000,-1,0,0,0,-1,0,-1,0,-1,0,1537,4,1,5,0,"","","",0,1537,27,0
1538,1538,4,1538,10000,-1,0,0,0,-1,0,-1,0,-1,0,1538,3,0,4,0,"","","",0,1538,27,0
1539,1539,4,1539,10000,-1,0,0,0,-1,0,-1,0,-1,0,1539,2,0,3,0,"","","",0,1539,27,0
1540,1540,4,1540,10000,-1,0,0,0,-1,0,-1,0,-1,0,1540,2,0,3,0,"","","",0,1540,27,0
1541,1541,4,1541,10000,-1,0,0,0,-1,0,-1,0,-1,0,1541,3,0,4,0,"","","",0,1541,27,0
1542,1542,4,1542,10000,-1,0,0,0,-1,0,-1,0,-1,0,1542,2,0,3,0,"","","",0,1542,27,0
1543,1543,4,1543,10000,-1,0,0,0,-1,0,-1,0,-1,0,1543,4,0,5,0,"","","",0,1543,27,0
1544,1544,4,1544,10000,-1,0,0,0,-1,0,-1,0,-1,0,1544,2,0,3,0,"","","",0,1544,27,0
1545,1545,4,1545,10000,-1,0,0,0,-1,0,-1,0,-1,0,1545,2,0,3,0,"","","",0,1545,27,0
1546,1546,4,1546,10000,-1,0,0,0,-1,0,-1,0,-1,0,1546,2,0,3,0,"","","",0,1546,27,0
1547,1547,4,1547,10000,-1,0,0,0,-1,0,-1,0,-1,0,1547,1,0,2,0,"","","",0,1547,27,0
1548,1548,4,1548,10000,-1,0,0,0,-1,0,-1,0,-1,0,1548,4,0,5,0,"","","",0,1548,27,0
1549,1549,4,1549,10000,-1,0,0,0,-1,0,-1,0,-1,0,1549,1,0,2,0,"","","",0,1549,27,0
1550,1550,4,1550,10000,-1,0,0,0,-1,0,-1,0,-1,0,1550,2,0,3,0,"","","",0,1550,27,0
1551,1551,4,1551,10000,-1,0,0,0,-1,0,-1,0,-1,0,1551,4,1,5,0,"","","",0,1551,27,0
1552,1552,4,1552,10000,-1,0,0,0,-1,0,-1,0,-1,0,1552,1,0,2,0,"","","",0,1552,27,0
1553,1553,4,1553,10000,-1,0,0,0,-1,0,-1,0,-1,0,1553,4,0,5,0,"","","",0,1553,27,0
1554,1554,4,1554,10000,-1,0,0,0,-1,0,-1,0,-1,0,1554,4,0,5,0,"","","",0,1554,27,0
1555,1555,4,1555,10000,-1,0,0,0,-1,0,-1,0,-1,0,1555,1,0,2,0,"","","",0,1555,27,0
1556,1556,4,1556,10000,-1,0,0,0,-1,0,-1,0,-1,0,1556,2,0,3,0,"","","",0,1556,27,0
1557,1557,4,1557,10000,-1,0,0,0,-1,0,-1,0,-1,0,1557,4,0,5,0,"","","",0,1557,27,0
1558,1558,4,1558,10000,-1,0,0,0,-1,0,-1,0,-1,0,1558,2,0,3,0,"","","",0,1558,27,0
1559,1559,4,1559,10000,-1,0,0,0,-1,0,-1,0,-1,0,1559,4,1,5,0,"","","",0,1559,27,0
1560,1560,4,1560,10000,-1,0,0,0,-1,0,-1,0,-1,0,1560,0,0,1,0,"","","",0,1560,27,0
1561,1561,4,1561,10000,-1,0,0,0,-1,0,-1,0,-1,0,1561,2,0,3,0,"","","",0,1561,27,0
1562,1562,4,1562,10000,-1,0,0,0,-1,0,-1,0,-1,0,1562,4,0,5,0,"","","",0,1562,27,0
1563,1563,4,1563,10000,-1,0,0,0,-1,0,-1,0,-1,0,1563,4,0,5,0,"","","",0,1563,27,0
1564,1564,4,1564,10000,-1,0,0,0,-1,0,-1,0,-1,0,1564,2,0,3,0,"","","",0,1564,27,0
1565,1565,4,1565,10000,-1,0,0,0,-1,0,-1,0,-1,0,1565,2,0,3,0,"","","",0,1565,27,0
1566,1566,4,1566,10000,-1,0,0,0,-1,0,-1,0,-1,0,1566,4,0,5,0,"","","",0,1566,27,0
1567,1567,4,1567,10000,-1,0,0,0,-1,0,-1,0,-1,0,1567,4,0,5,0,"","","",0,1567,27,0
1568,1568,4,1568,10000,-1,0,0,0,-1,0,-1,0,-1,0,1568,2,0,3,0,"","","",0,1568,27,0
1569,1569,4,1569,10000,-1,0,0,0,-1,0,-1,0,-1,0,1569,0,0,1,0,"","","",0,1569,27,0
1570,1570,4,1570,10000,-1,0,0,0,-1,0,-1,0,-1,0,1570,2,0,3,0,"","","",0,1570,27,0
1571,1571,4,1571,10000,-1,0,0,0,-1,0,-1,0,-1,0,1571,3,0,4,0,"","","",0,1571,27,0
1572,1572,4,1572,10000,-1,0,0,0,-1,0,-1,0,-1,0,1572,4,1,5,0,"","","",0,1572,27,0
1573,1573,4,1573,10000,-1,0,0,0,-1,0,-1,0,-1,0,1573,1,0,2,0,"","","",0,1573,27,0
1574,1574,4,1574,10000,-1,0,0,0,-1,0,-1,0,-1,0,1574,3,0,4,0,"","","",0,1574,27,0
1575,1575,4,1575,10000,-1,0,0,0,-1,0,-1,0,-1,0,1575,3,0,4,0,"","","",0,1575,27,0
1576,1576,4,1576,10000,-1,0,0,0,-1,0,-1,0,-1,0,1576,4,0,5,0,"","","",0,1576,27,0
1577,1577,4,1577,10000,-1,0,0,0,-1,0,-1,0,-1,0,1577,1,0,2,0,"","","",0,1577,27,0
1578,1578,4,1578,10000,-1,0,0,0,-1,0,-1,0,-1,0,1578,4,1,5,0,"","","",0,1578,27,0
1579,1579,4,1579,10000,-1,0,0,0,-1,0,-1,0,-1,0,1579,0,0,1,0,"","","",0,1579,27,0
1580,1580,4,1580,10000,-1,0,0,0,-1,0,-1,0,-1,0,1580,4,0,5,0,"","","",0,1580,27,0
1581,1581,4,1581,10000,-1,0,0,0,-1,0,-1,0,-1,0,1581,3,0,4,0,"","","",0,1581,27,0
1582,1582,4,1582,10000,-1,0,0,0,-1,0,-1,0,-1,0,1582,2,0,3,0,"","","",0,1582,27,0
1583,1583,4,1583,10000,-1,0,0,0,-1,0,-1,0,-1,0,1583,4,0,5,0,"","","",0,1583,27,0
1584,1584,4,1584,10000,-1,0,0,0,-1,0,-1,0,-1,0,1584,2,0,3,0,"","","",0,1584,27,0
1585,1585,4,1585,10000,-1,0,0,0,-1,0,-1,0,-1,0,1585,1,0,2,0,"","","",0,1585,27,0
1586,1586,4,1586,10000,-1,0,0,0,-1,0,-1,0,-1,0,1586,3,0,4,0,"","","",0,1586,27,0
1587,1587,4,1587,10000,-1,0,0,0,-1,0,-1,0,-1,0,1587,2,0,3,0,"","","",0,1587,27,0
1588,1588,4,1588,10000,-1,0,0,0,-1,0,-1,0,-1,0,1588,4,1,5,0,"","","",0,1588,27,0
1589,1589,4,1589,10000,-1,0,0,0,-1,0,-1,0,-1,0,1589,2,0,3,0,"","","",0,1589,27,0
1590,1590,4,1590,10000,-1,0,0,0,-1,0,-1,0,-1,0,1590,3,0,4,0,"","","",0,1590,27,0
1591,1591,4,1591,10000,-1,0,0,0,-1,0,-1,0,-1,0,1591,0,0,1,0,"","","",0,1591,27,0
1592,1592,4,1592,10000,-1,0,0,0,-1,0,-1,0,-1,0,1592,1,0,2,0,"","","",0,1592,27,0
1593,1593,4,1593,10000,-1,0,0,0,-1,0,-1,0,-1,0,1593,2,0,3,0,"","","",0,1593,27,0
1594,1594,4,1594,10000,-1,0,0,0,-1,0,-1,0,-1,0,1594,2,0,3,0,"","","",0,1594,27,0
1595,1595,4,1595,10000,-1,0,0,0,-1,0,-1,0,-1,0,1595,4,1,5,0,"","","",0,1595,27,0
1596,1596,4,1596,10000,-1,0,0,0,-1,0,-1,0,-1,0,1596,2,0,3,0,"","","",0,1596,27,0
1597,1597,4,1597,10000,-1,0,0,0,-1,0,-1,0,-1,0,1597,4,1,5,0,"","","",0,1597,27,0
1598,1598,4,1598,10000,-1,0,0,0,-1,0,-1,0,-1,0,1598,4,0,5,0,"","","",0,1598,27,0
1599,1599,4,1599,10000,-1,0,0,0,-1,0,-1,0,-1,0,1599,4,1,5,0,"","","",0,1599,27,0
1600,1600,4,1600,10000,-1,0,0,0,-1,0,-1,0,-1,0,1600,4,0,5,0,"","","",0,1600,27,0
1601,1601,4,1601,10000,-1,0,0,0,-1,0,-1,0,-1,0,1601,1,0,2,0,"","","",0,1601,27,0
1602,1602,4,1602,10000,-1,0,0,0,-1,0,-1,0,-1,0,1602,3,0,4,0,"","","",0,1602,27,0
1603,1603,4,1603,10000,-1,0,0,0,-1,0,-1,0,-1,0,1603,2,0,3,0,"","","",0,1603,27,0
1604,1604,4,1604,10000,-1,0,0,0,-1,0,-1,0,-1,0,1604,4,0,5,0,"","","",0,1604,27,0
1605,1605,4,1605,10000,-1,0,0,0,-1,0,-1,0,-1,0,1605,2,0,3,0,"","","",0,1605,27,0
1606,1606,4,1606,10000,-1,0,0,0,-1,0,-1,0,-1,0,1606,2,0,3,0,"","","",0,1606,27,0
1607,1607,4,1607,10000,-1,0,0,0,-1,0,-1,0,-1,0,1607,1,0,2,0,"","","",0,1607,27,0
1608,1608,4,1608,10000,-1,0,0,0,-1,0,-1,0,-1,0,1608,3,0,4,0,"","","",0,1608,27,0
1609,1609,4,1609,10000,-1,0,0,0,-1,0,-1,0,-1,0,1609,2,0,3,0,"","","",0,1609,27,0
1610,1610,4,1610,10000,-1,0,0,0,-1,0,-1,0,-1,0,1610,2,0,3,0,"","","",0,1610,27,0
1611,1611,4,1611,10000,-1,0,0,0,-1,0,-1,0,-1,0,1611,2,0,3,0,"","","",0,1611,27,0
1612,1612,4,1612,10000,-1,0,0,0,-1,0,-1,0,-1,0,1612,3,0,4,0,"","","",0,1612,27,0
1613,1613,4,1613,10000,-1,0,0,0,-1,0,-1,0,-1,0,1613,4,0,5,0,"","","",0,1613,27,0
1614,1614,4,1614,10000,-1,0,0,0,-1,0,-1,0,-1,0,1614,4,0,5,0,"","","",0,1614,27,0
1615,1615,4,1615,10000,-1,0,0,0,-1,0,-1,0,-1,0,1615,4,1,5,0,"","","",0,1615,27,0
1616,1616,4,1616,10000,-1,0,0,0,-1,0,-1,0,-1,0,1616,2,0,3,0,"","","",0,1616,27,0
1617,1617,4,1617,10000,-1,0,0,0,-1,0,-1,0,-1,0,1617,0,0,1,0,"","","",0,1617,27,0
1618,1618,4,1618,10000,-1,0,0,0,-1,0,-1,0,-1,0,1618,4,0,5,0,"","","",0,1618,27,0
1619,1619,4,1619,10000,-1,0,0,0,-1,0,-1,0,-1,0,1619,0,0,1,0,"","","",0,1619,27,0
1620,1620,4,1620,10000,-1,0,0,0,-1,0,-1,0,-1,0,1620,4,1,5,0,"","","",0,1620,27,0
1621,1621,4,1621,10000,-1,0,0,0,-1,0,-1,0,-1,0,1621,3,0,4,0,"","","",0,1621,27,0
1622,1622,4,1622,10000,-1,0,0,0,-1,0,-1,0,-1,0,1622,4,0,5,0,"","","",0,1622,27,0
1623,1623,4,1623,10000,-1,0,0,0,-1,0,-1,0,-1,0,1623,3,0,4,0,"","","",0,1623,27,0
1624,1624,4,1624,10000,-1,0,0,0,-1,0,-1,0,-1,0,1624,3,0,4,0,"","","",0,1624,27,0
1625,1625,4,1625,10000,-1,0,0,0,-1,0,-1,0,-1,0,1625,0,0,1,0,"","","",0,1625,27,0
1626,1626,4,1626,10000,-1,0,0,0,-1,0,-1,0,-1,0,1626,4,0,5,0,"","","",0,1626,27,0
1627,1627,4,1627,10000,-1,0,0,0,-1,0,-1,0,-1,0,1627,0,0,1,0,"","","",0,1627,27,0
1628,1628,4,1628,10000,-1,0,0,0,-1,0,-1,0,-1,0,1628,4,0,5,0,"","","",0,1628,27,0
1629,1629,4,1629,10000,-1,0,0,0,-1,0,-1,0,-1,0,1629,3,0,4,0,"","","",0,1629,27,0
1630,1630,4,1630,10000,-1,0,0,0,-1,0,-1,0,-1,0,1630,2,0,3,0,"","","",0,1630,27,0
1631,1631,4,1631,10000,-1,0,0,0,-1,0,-1,0,-1,0,1631,1,0,2,0,"","","",0,1631,27,0
1632,1632,4,1632,10000,-1,0,0,0,-1,0,-1,0,-1,0,1632,2,0,3,0,"","","",0,1632,27,0
1633,1633,4,1633,10000,-1,0,0,0,-1,0,-1,0,-1,0,1633,1,0,2,0,"","","",0,1633,27,0
1634,1634,4,1634,10000,-1,0,0,0,-1,0,-1,0,-1,0,1634,2,0,3,0,"","","",0,1634,27,0
1635,1635,4,1635,10000,-1,0,0,0,-1,0,-1,0,-1,0,1635,4,1,5,0,"","","",0,1635,27,0
1636,1636,4,1636,10000,-1,0,0,0,-1,0,-1,0,-1,0,1636,2,0,3,0,"","","",0,1636,27,0
1637,1637,4,1637,10000,-1,0,0,0,-1,0,-1,0,-1,0,1637,0,0,1,0,"","","",0,1637,27,0
1638,1638,4,1638,10000,-1,0,0,0,-1,0,-1,0,-1,0,1638,0,0,1,0,"","","",0,1638,27,0
1639,1639,4,1639,10000,-1,0,0,0,-1,0,-1,0,-1,0,1639,4,0,5,0,"","","",0,1639,27,0
1640,1640,4,1640,10000,-1,0,0,0,-1,0,-1,0,-1,0,1640,0,0,1,0,"","","",0,1640,27,0
1641,1641,4,1641,10000,-1,0,0,0,-1,0,-1,0,-1,0,1641,4,0,5,0,"","","",0,1641,27,0
1642,1642,4,1642,10000,-1,0,0,0,-1,0,-1,0,-1,0,1642,0,0,1,0,"","","",0,1642,27,0
1643,1643,4,1643,10000,-1,0,0,0,-1,0,-1,0,-1,0,1643,4,0,5,0,"","","",0,1643,27,0
1644,1644,4,1644,10000,-1,0,0,0,-1,0,-1,0,-1,0,1644,4,0,5,0,"","","",0,1644,27,0
1645,1645,4,1645,10000,-1,0,0,0,-1,0,-1,0,-1,0,1645,2,0,3,0,"","","",0,1645,27,0
1646,1646,4,1646,10000,-1,0,0,0,-1,0,-1,0,-1,0,1646,2,0,3,0,"","","",0,1646,27,0
1647,1647,4,1647,10000,-1,0,0,0,-1,0,-1,0,-1,0,1647,4,0,5,0,"","","",0,1647,27,0
1648,1648,4,1648,10000,-1,0,0,0,-1,0,-1,0,-1,0,1648,4,0,5,0,"","","",0,1648,27,0
1649,1649,4,1649,10000,-1,0,0,0,-1,0,-1,0,-1,0,1649,0,0,1,0,"","","",0,1649,27,0
1650,1650,4,1650,10000,-1,0,0,0,-1,0,-1,0,-1,0,1650,1,0,2,0,"","","",0,1650,27,0
1651,1651,4,1651,10000,-1,0,0,0,-1,0,-1,0,-1,0,1651,4,0,5,0,"","","",0,1651,27,0
1652,1652,4,1652,10000,-1,0,0,0,-1,0,-1,0,-1,0,1652,3,0,4,0,"","","",0,1652,27,0
1653,1653,4,1653,10000,-1,0,0,0,-1,0,-1,0,-1,0,1653,0,0,1,0,"","","",0,1653,27,0
1654,1654,4,1654,10000,-1,0,0,0,-1,0,-1,0,-1,0,1654,4,0,5,0,"","","",0,1654,27,0
1655,1655,4,1655,10000,-1,0,0,0,-1,0,-1,0,-1,0,1655,1,0,2,0,"","","",0,1655,27,0
1656,1656,4,1656,10000,-1,0,0,0,-1,0,-1,0,-1,0,1656,4,0,5,0,"","","",0,1656,27,0
1657,1657,4,1657,10000,-1,0,0,0,-1,0,-1,0,-1,0,1657,2,0,3,0,"","","",0,1657,27,0
1658,1658,4,1658,10000,-1,0,0,0,-1,0,-1,0,-1,0,1658,0,0,1,0,"","","",0,1658,27,0
1659,1659,4,1659,10000,-1,0,0,0,-1,0,-1,0,-1,0,1659,0,0,1,0,"","","",0,1659,27,0
1660,1660,4,1660,10000,-1,0,0,0,-1,0,-1,0,-1,0,1660,4,0,5,0,"","","",0,1660,27,0
1661,1661,4,1661,10000,-1,0,0,0,-1,0,-1,0,-1,0,1661,3,0,4,0,"","","",0,1661,27,0
1662,1662,4,1662,10000,-1,0,0,0,-1,0,-1,0,-1,0,1662,3,0,4,0,"","","",0,1662,27,0
1663,1663,4,1663,10000,-1,0,0,0,-1,0,-1,0,-1,0,1663,4,0,5,0,"","","",0,1663,27,0
1664,1664,4,1664,10000,-1,0,0,0,-1,0,-1,0,-1,0,1664,4,0,5,0,"","","",0,1664,27,0
1665,1665,4,1665,10000,-1,0,0,0,-1,0,-1,0,-1,0,1665,2,0,3,0,"","","",0,1665,27,0
1666,1666,4,1666,10000,-1,0,0,0,-1,0,-1,0,-1,0,1666,0,0,1,0,"","","",0,1666,27,0
1667,1667,4,1667,10000,-1,0,0,0,-1,0,-1,0,-1,0,1667,2,0,3,0,"","","",0,1667,27,0
1668,1668,4,1668,10000,-1,0,0,0,-1,0,-1,0,-1,0,1668,4,0,5,0,"","","",0,1668,27,0
1669,1669,4,1669,10000,-1,0,0,0,-1,0,-1,0,-1,0,1669,1,0,2,0,"","","",0,1669,27,0
1670,1670,4,1670,10000,-1,0,0,0,-1,0,-1,0,-1,0,1670,4,1,5,0,"","","",0,1670,27,0
1671,1671,4,1671,10000,-1,0,0,0,-1,0,-1,0,-1,0,1671,2,0,3,0,"","","",0,1671,27,0
1672,1672,4,1672,10000,-1,0,0,0,-1,0,-1,0,-1,0,1672,4,1,5,0,"","","",0,1672,27,0
1673,1673,4,1673,10000,-1,0,0,0,-1,0,-1,0,-1,0,1673,0,0,1,0,"","","",0,1673,27,0
1674,1674,4,1674,10000,-1,0,0,0,-1,0,-1,0,-1,0,1674,4,0,5,0,"","","",0,1674,27,0
1675,1675,4,1675,10000,-1,0,0,0,-1,0,-1,0,-1,0,1675,3,0,4,0,"","","",0,1675,27,0
1676,1676,4,1676,10000,-1,0,0,0,-1,0,-1,0,-1,0,1676,4,1,5,0,"","","",0,1676,27,0
1677,1677,4,1677,10000,-1,0,0,0,-1,0,-1,0,-1,0,1677,0,0,1,0,"","","",0,1677,27,0
1678,1678,4,1678,10000,-1,0,0,0,-1,0,-1,0,-1,0,1678,4,0,5,0,"","","",0,1678,27,0
1679,1679,4,1679,10000,-1,0,0,0,-1,0,-1,0,-1,0,1679,2,0,3,0,"","","",0,1679,27,0
1680,1680,4,1680,10000,-1,0,0,0,-1,0,-1,0,-1,0,1680,4,0,5,0,"","","",0,1680,27,0
1681,1681,4,1681,10000,-1,0,0,0,-1,0,-1,0,-1,0,1681,2,0,3,0,"","","",0,1681,27,0
1682,1682,4,1682,10000,-1,0,0,0,-1,0,-1,0,-1,0,1682,1,0,2,0,"","","",0,1682,27,0
1683,1683,4,1683,10000,-1,0,0,0,-1,0,-1,0,-1,0,1683,2,0,3,0,"","","",0,1683,27,0
1684,1684,4,1684,10000,-1,0,0,0,-1,0,-1,0,-1,0,1684,2,0,3,0,"","","",0,1684,27,0
1685,1685,4,1685,10000,-1,0,0,0,-1,0,-1,0,-1,0,1685,4,1,5,0,"","","",0,1685,27,0
1686,1686,4,1686,10000,-1,0,0,0,-1,0,-1,0,-1,0,1686,4,1,5,0,"","","",0,1686,27,0
1687,1687,4,1687,10000,-1,0,0,0,-1,0,-1,0,-1,0,1687,4,0,5,0,"","","",0,1687,27,0
1688,1688,4,1688,10000,-1,0,0,0,-1,0,-1,0,-1,0,1688,4,0,5,0,"","","",0,1688,27,0
1689,1689,4,1689,10000,-1,0,0,0,-1,0,-1,0,-1,0,1689,4,0,5,0,"","","",0,1689,27,0
1690,1690,4,1690,10000,-1,0,0,0,-1,0,-1,0,-1,0,1690,1,0,2,0,"","","",0,1690,27,0
1691,1691,4,1691,10000,-1,0,0,0,-1,0,-1,0,-1,0,1691,4,0,5,0,"","","",0,1691,27,0
1692,1692,4,1692,10000,-1,0,0,0,-1,0,-1,0,-1,0,1692,4,1,5,0,"","","",0,1692,27,0
1693,1693,4,1693,10000,-1,0,0,0,-1,0,-1,0,-1,0,1693,1,0,2,0,"","","",0,1693,27,0
1694,1694,4,1694,10000,-1,0,0,0,-1,0,-1,0,-1,0,1694,4,0,5,0,"","","",0,1694,27,0
1695,1695,4,1695,10000,-1,0,0,0,-1,0,-1,0,-1,0,1695,3,0,4,0,"","","",0,1695,27,0
1696,1696,4,1696,10000,-1,0,0,0,-1,0,-1,0,-1,0,1696,2,0,3,0,"","","",0,1696,27,0
1697,1697,4,1697,10000,-1,0,0,0,-1,0,-1,0,-1,0,1697,1,0,2,0,"","","",0,1697,27,0
1698,1698,4,1698,10000,-1,0,0,0,-1,0,-1,0,-1,0,1698,3,0,4,0,"","","",0,1698,27,0
1699,1699,4,1699,10000,-1,0,0,0,-1,0,-1,0,-1,0,1699,3,0,4,0,"","","",0,1699,27,0
1700,1700,4,1700,10000,-1,0,0,0,-1,0,-1,0,-1,0,1700,3,0,4,0,"","","",0,1700,27,0
