{
	"data/degeneration_para.mbe/digimon.csv": ["data/degeneration_para.mbe/digimon.csv", "mberecord_append"],
	"data/evolution_next_para.mbe/digimon.csv": ["data/evolution_next_para.mbe/digimon.csv", "mberecord_append"],
    "images/ui_chara_icon_[Digimon::Plugg::4ID()].img" : "images/ui_chara_icon_1548.img",
    "images/dot[Digimon::Plugg::3ID()].img" : "images/dot548.img",
    "[Digimon::Plugg::filename()].name": "plugg.name",
    "[Digimon::Plugg::filename()].skel": "plugg.skel",
    "[Digimon::Plugg::filename()].geom": "plugg.geom",
    "[Digimon::Plugg::filename()].anim": "plugg.anim"
}